Title,Date,Content
[오늘의 보안 영어] head off,2024-05-17 13:47,"“Israel is making a concerted effort to head off feared plans by the International Criminal Court to issue arrest warrants against Prime Minister Benjamin Netanyahu and other top Israeli officials, an Israeli government source told The Times of Israel on Sunday.”-Times of Israel-[이미지 = gettyimagesbank]- head는 ‘머리’이고 off는 ‘떨어진’입니다. 합하면 무시무시한 말이 되네요. 머리를 뗀다니, 오늘 배울 건 협박일까요?- 어떤 상황에서는 head off가 참수형과 비슷한 의미로 사용될 수 있겠습니다만, 일반적으로는 ‘결정을 되돌리다’, ‘결정난 것이 시행되지 않도록 중간에서 수를 쓰다’ 정도의 뜻을 갖습니다.- 위의 발췌문은 최근 국제형법재판소(ICC)가 이스라엘의 총리 네타냐후를 대상으로 한 체포 영장을 발부할 가능성이 높은 것 때문에 나온 소식 중 일부에서 따온 것입니다. 이스라엘이 이 ICC의 계획을 head off하기 위해 다각도적인 노력을 기울이고 있다고 합니다. 취소시키거나 되돌리거나 집행되지 않도록 한다는 것이지요.- 차단한다 / 막다 / 방해하다 / 취소시키다 / 방향을 전환시키다...라는 의미로 상황에 따라 사용됩니다. - 추가로 예문을 보겠습니다. * I tried to head the dog off by running towards it.   (나는 그 개가 다른 방향으로 가도록 유도하려고 오히려 그 개를 향해 뛰었다.) * The company is putting up wages to head off a strike.   (회사는 파업을 막기 위해 급여를 올리는 방법을 선택했다.)- 그런데 head off는 ‘머리가 떨어질 정도로 큰 소리로’라는 뜻도 가지고 있습니다. 이건 조금은 비속어 혹은 격식을 갖추지 않은 표현이긴 합니다.- 내친김에 이것도 예문을 보겠습니다. * She had to shout her head off to get her friends attention at the concert.   (그녀는 콘서트장에서 친구들에게 말하기 위해 목청껏 소리를 질러야 했다.) * You can yell your head off at him, but he still won't listen.   (그 사람한테 소리를 아무리 크게 질러봐야 듣지 않을 것이다.) * They will be laughing their heads off when they see my costume.   (그 사람들은 내 복장을 보면 아주 떠나가라 웃을 것이다.)※ 이 코너는 보안뉴스에서 발간하는 프리미엄 리포트의 [데일리 보안뉴스+] 콘텐츠를 통해 2주 빨리 만나실 수 있습니다.[국제부 문가용 기자(globoan@boannews.com)]<저작권자: 보안뉴스(www.boannews.com) 무단전재-재배포금지>"
"최신 공격자들, 캣피싱 기술로 사용자들의 악성 클릭 확률 높여",2024-05-17 13:46,"요약 : 보안 외신 핵리드에 의하면 HP가 “공격자들 사이에서 캣피싱(Cat-Phishing)이라는 테크닉이 점점 인기를 얻고 있다”는 경고가 나왔다고 한다. 이 테크닉을 통해 멀웨어가 퍼져가고 있다며 주의가 필요하다고 HP는 설명했다. 캣피싱은 정상적인 링크들을 조작해 클릭하는 사람이 악성 사이트로 우회 접속되도록 유도하는 것을 말한다. 처음부터 악성 링크를 만들어 클릭하도록 유도하는 게 아니라, 누구나 안심하고 클릭할 만한 정상 링크를 조작하는 것이다. 이 때문에 일반적인 방법으로는 링크의 악성 여부를 판별할 수 없고, 따라서 공격의 성공률이 높아진다. 정상적인 링크를 악성으로 뒤바꾸는 방법에는 여러 가지가 있는 것으로 알려져 있다.[이미지 = gettyimagesbank]배경 : 악성 링크이지만 정상적인 링크처럼 보이게 만들어지면 맨눈으로 식별이 어렵다. 하지만 기계의 시선에서 악성 링크는 악성 링크일 뿐이다. 때문에 캣피싱 공격이 본격적으로 유행하면, 인공지능 등 기계가 직접 링크를 분석해 악성 여부를 파악하도록 하는 방법이 동원되어야 할 것이라고 전문가들은 말한다. 더 이상 사람의 눈에 의존해서 악성 여부를 판별하는 건 큰 도움이 되지 않는다.말말말 : “사이버 범죄자들은 점점 속임수의 대가가 되어가고 있습니다. 해킹 기술력으로 승부를 보는 데서 그치지 않고, 심리적으로 파고드는 데에도 능숙해지고 있습니다.” -핵리드-[국제부 문가용 기자(globoan@boannews.com)]<저작권자: 보안뉴스(www.boannews.com) 무단전재-재배포금지>"
GE사의 의료 장비에서 11개의 심각한 취약점 발견돼,2024-05-17 13:44,"요약 : 보안 외신 해커뉴스에 의하면 GE사의 헬스케어비비드얼트라사운드(Healthcare Vivid Ultrasound) 제품군에서 11개의 취약점이 발견됐다고 한다. 공격자들은 이 취약점들을 통해 장비에 저장된 환자들의 데이터를 조작하거나 랜섬웨어 공격을 실시하는 게 가능하다. 11개 중 가장 심각한 취약점은 CVE-2024-27107로, CVSS 기준 9.6점을 받았다. 그 외에 CVE-2024-1628라는 명령 주입 취약점, CVE-2024-27110과 CVE-2020-6977이라는 권한 상승 취약점, CVE-2024-1630과 CVE-2024-1629라는 경로 조작 취약점, CVE-2020-6977이라는 보호 장치 우회 취약점 등이 발견됐다.[이미지 = gettyimagesbank]배경 : 의료 현장에서 사용되는 사물인터넷 장비의 숫자는 계속해서 증가하고 있다. 하지만 제조사들은 기능성에 초점을 맞춰 제품을 개발하고 생산한다. 따라서 취약점들이 다수 발견되는 사례가 흔하다. 제조사들에서부터의 보안 강화 조치가 필요하다.말말말 : “제조사들은 격한 경쟁에 돌입해 있습니다. 누구보다 빠르고 신속하게 신기술과 새 아이템을 출시하고 싶어하죠. 그러다 보니 보안 조치가 간과되기 일쑤입니다.” -해커뉴스-[국제부 문가용 기자(globoan@boannews.com)]<저작권자: 보안뉴스(www.boannews.com) 무단전재-재배포금지>"
미국에서 북한 정권 먹여살리려 신원 도용했던 일당 체포돼,2024-05-17 13:42,"요약 : IT 외신 아스테크니카에 의하면 미국 애리조나 주에 거주하는 한 여성이 북한 해커들의 구직을 알선한 혐의로 체포됐다고 한다. 300개가 넘는 회사들이 이 여성을 통해 북한 IT 인력을 고용했고, 이들이 받은 월급은 결국 북한의 미사일 개발에 투자되었다는 게 아스테크니카의 설명이다. 이 금액은 680만 달러에 달한다. 이 여성과 함께 한 우크라이나 남성도 이 작전에 연루되어 있어 같이 체포됐다. 둘은 북한 인력인줄 알고도 미국 기업들과 연결시켜주었다고 하며, 네 명의 공모자가 더 있는 것으로 경찰은 파악하고 있다. 이들은 가짜 신원을 북한 IT 인력들에게 제공해 미국 기업들이 아무 것도 모르고 이들을 고용할 수 있도록 했다.[이미지 = gettyimagesbank]배경 : 경제 제재를 받는 북한이 이를 우회하기 위해 IT 인력들을 파견하여 외국 회사에 근무시키고 있다는 의혹은 예전부터 있어 왔었다. 이 의혹이 사실로 확인된 사례도 수차례 존재한다. 북한 IT 인력들은 원격 근무 형태나 파견 형태로 세계 여러 회사들에 고용되었고, 여기서 받은 봉급으로 북한 정권의 무기 개발에 이바지 했다.말말말 : “미국 기업 300곳 이상이 아무 것도 모르고 북한에 돈을 대준 것이 되었습니다. 또한 60명이 넘는 미국 시민들이 신원 도용 피해를 입었습니다. 그러면서 세금 고지에도 오류가 생기는 등 불필요한 행정 소요도 발생했습니다.” -미국 사법부-[국제부 문가용 기자(globoan@boannews.com)]<저작권자: 보안뉴스(www.boannews.com) 무단전재-재배포금지>"
"이비인후과학회, 회원 개인정보 유출... 이름, 연락처, 면허번호 등 18개 항목 ‘대부분 털렸다’",2024-05-17 11:51,"홈페이지 관리업체로부터 확인, 5월 7일 인지...‘해킹’이나 유출 시점 언급 없어관계당국 신고 및 긴급보안 실시...유출 회원 수는 공개 안해이름, 생년월일, 성별, 연락처, 면허번호, 전문의번호, 병원명 등 개인정보 대부분 노출[보안뉴스 김영명 기자] 대한이비인후과학회(이사장 이준호)에서 최근 개인정보 유출 사고가 발생한 것으로 알려졌다. 대한이비인후과학회는 홈페이지에 ‘개인정보 유출에 대한 안내 및 사과를 드립니다’라는 제목으로 이와 같은 사실과 함께 세부 내용을 밝혔다.▲대한이비인후과학회에서 최근 개인정보 유출 사고가 발생한 것으로 파악됐다며 홈페이지에 사과문을 게시했다[자료=학회 홈페이지]사과문에 따르면, 학회에서 이번에 회원 정보가 유출된 것을 확인한 것은 5월 7일 10시 무렵이다. 학회는 개인정보 유출 사실을 인지한 후 관계당국에 신고했으며 회원보호를 위한 긴급 보안점검을 실시하고 있다고 밝혔다. 유출된 개인정보 항목은 △이름 △아이디 △비밀번호 △생년월일 △성별 △이메일 △휴대전화번호 △의사면허번호 △전문의번호 △년차 △소속정보 △주소 △인턴수련병원 △수련년도 △수련병원 △경력 △병원명 △전공의번호 등 총 18개 항목이다. 거의 대부분의 개인정보와 소속정보 등이 노출된 것으로 보인다.학회 측은 “이번 사건을 인지한 직후 여러 보안 강화 조치들을 강구 중이며 추가적인 피해가 발생하지 않도록 노력하고 있다”며 “현재까지 파악된 바로는 유출된 개인정보가 다른 목적으로 이용되거나 추가적인 피해가 발생한 케이스는 없는 것으로 확인되지만, 혹시 모를 피해를 최소화하기 위해 출처가 확인되지 않는 전화와 문자, 이메일 등을 받을 경우 열람하지 말고 즉시 삭제 처리해줄 것을 당부한다”고 밝혔다.이어 “현재 대한이비인후과학회의 모든 서비스는 정상적으로 운영되고 있으며, 향후 이와 같은 일이 다시 발생하지 않도록 개인정보 보안을 위한 제반 시스템을 강화해 나가는데 최선의 노력을 기울이겠다”며 재차 사과의 뜻을 밝혔다.한편 대한이비인후과학회는 1947년 8월에 창립했으며, 그 이후 대한이과학회와 대한두경부외과학회, 대한비과학회 등 분과학회가 발족됐으며, 국제 분과학술대회도 개최하고 있다. 홈페이지의 전체 방문자 수는 342만여 명에 달하며, 22명의 이사진과 전국 10개의 지부로 운영되고 있다. [김영명 기자(boan@boannews.com)]<저작권자: 보안뉴스(www.boannews.com) 무단전재-재배포금지>"
"美 법무부, 북한 위협 그룹 활동 지원한 북한 인력 기소",2024-05-17 11:39,"미 법무부, 북한 IT 인력의 위장 취업과 사이버 활동 지원한 북한 인력 기소[보안뉴스 김경애 기자] 북한 IT 인력의 위장 취업과 사이버 활동을 지원한 북한 용의자가 기소됐다. 이들은 북한 IT 인력이 서방 기업에 취업하도록 지시하고 주요 조직에 침투할 수 있는 발판을 제공했다. 이러한 북한의 IT 인력 위장 취업에 국내 기업 역시 각별한 주의가 요구된다. [이미지=구글 클라우드 맨디언트]미국 현지 시간 16일, 미 법무부는 “전 세계 수사기관과 협력해 북한 IT 인력의 위장 취업과 사이버 활동을 지원한 용의자들을 사기 혐의 등으로 기소했다”며 “이들은 북한으로부터 돈을 지불받아 노트북을 구입한 후 원격 접속해 구직 활동을 했다”고 밝혔다.  이들은 지난달, 민간 연구 기관 스팀슨 센터(Stimson Center)가 밝힌 바 있는 글로벌 스트리밍 플랫폼의 애니메이션 제작 프로젝트에 참여한 위협 그룹과 동일한 것으로 알려졌다. 이번 미 정부의 북한 위협 그룹 활동을 지원한 용의자 기소와 관련해 구글 클라우드 맨디언트 수석 애널리스트 마이클 반하트(Michael Barnhart)는 “북한은 IT 인력이 서방 기업에 취업하도록 지시해 기술 인재를 무기화하고, 궁극적으로는 내부 위협을 만들어냈다”고 밝혔다. 이들은 자신들의 급여로 북한 핵 프로그램 자금을 지원해 제재를 우회했다. 동시에 보다 발전된 북한 위협 그룹이 주요 조직에 침투할 수 있는 발판을 제공했다. 이처럼 북한 IT 인력은 수많은 진입 지점(Entry Point)을 보유하고 있다. 자신의 진짜 신분을 숨기고 다른 국적으로 위장하고자 이 사실을 알지 못하는 조력자의 도움을 받고 있다. 마이클 반하트는 “이렇듯 계속 증가하는 이중 위협에 효과적으로 대처하기 위해서는 사법 당국과 정보기관이 오늘의 조치와 같이, 주요 단계에서 선제적으로 대응하고 활동을 중단시키는 것이 반드시 필요하다”고 말했다.국내 역시 북한의 IT 인력 위장 취업에 각별한 주의가 요구된다. 지니언스 시큐리티 센터장 문종현 이사는 “프리랜서로 신분을 위장한 북한 IT 인력들이 다양한 프로그램 개발, 아웃소싱 뿐만 아니라, 실제 사이버 공격에 투잡러로 은밀히 가담하고 있다”며 “원격이나 재택근무 개발자를 채용할 때나 단기 외주 개발 의뢰로 온라인 채용 플랫폼을 활용할 때 신분 확인 절차에 대해 각별한 주의가 필요하다”고 강조했다. 스텔스모어 최상명 이사는 “freelancer, upwork, toptal, guru 등과 같은 프리랜서 고용 사이트에서 수많은 북한 IT 인력들이 프리랜서 외주 활동들을 하고 있다”며 “그러한 활동을 통해 벌어들인 수익들은 북한 정부의 외화벌이 활동의 일환으로 취합되어 미사일과 핵무기 개발 등의 밑거름이 되고 있다”고 말했다.[김경애 기자(boan3@boannews.com)]<저작권자: 보안뉴스(www.boannews.com) 무단전재-재배포금지>"
[보안 상장기업 주간 주가동향] 美 고용지표 ‘골디락스’ 인식... 빅테크 훈풍에 실적 장세,2024-05-16 20:59,"국내 코스피 2,749~2,710선, 코스닥 876~862선... 회복세 유지로 2,700선 안착美 연준, 비둘기파적 발언과 고용보고서 완화에 금리 인하 기대감↑중국 증시 회복에 중국 소비 수혜주 화장품·여행·항공·엔터주 등 강세보안 상장기업 씨유박스와 SGA솔루션즈,  계약 수주 등으로 주가 고공행진[보안뉴스 이소미 기자] 국내 시장 지수는 지난 주 이어 회복세를 그대로 이어가는 흐름이었다. 지난 3월 유가증권시장은 23개월만에 2700선을 돌파한 이후 시장 주요 지표에 따른 미국 연방준비제도(Fed : Federal Reserve System, 이하 연준)의 매파적 발언과 중동 리스크 발발 등으로 상승분을 반납해 왔다. 그러다 지난 주 미국 고용보고서 주요 지표 완화로 금리 인하 기대감이 상승했고, 중동 리스크 재부각에도 시장은 크게 흔들리지 않았다. 특히 시장은 고용지표에 대해 경제 성장 대비 물가 상승 안정이라는 이상적인 상황을 지칭하는 ‘골디락스(Goldilocks)’로 인식하며 투자 심리는 회복됐고, 코스피 시장은 2,700선에 안정적으로 안착하는 모습을 보였다. 여기에 1분기 실적 발표와 함께 실적 장세가 이루어지며 외국인의 연이은 매수세가 지수를 끌어올렸다. 그러다 옵션 만기일을 앞두고 다시금 팔자세로 돌아서며 국내 시장은 숨고르기 장세에 돌입했다. [이미지=gettyimagesbank] 또한 미국 반도체 업종 호실적 발표에 반도체 관련주가 상승세를 이어갔으며, 중국 증시 회복세로 중국 관련 소비 수혜주인 화장품·여행·항공·엔터주 등이 상승흐름을 이어갔다. 이에 증권가는 국내 시장이 미국 증시와 아울러 중국 증시에 대한 관망 및 동조화 현상이 일어날 것으로 예측했다.한 주간 보안기업 특징주(※보안기업 선정 기준은 보안뉴스 ‘보안관련 상장기업’)AI 영상인식 전문기업 ‘씨유박스(대표 남운성)’가 8일 복합 리조트 업체 ‘강원랜드’와 11억 7443만원 규모의 ‘카지노 스마트입장시스템 구축 사업’을 계약했다. 이번에 체결한 공급계약 금액은 최근 매출액 141억76만원 대비 8.33% 규모로 계약기간은 올해 5월 7일부터 11월 23일까지 200일간 공급하게 된다. 이번 계약체결로 강원랜드에 적용되는 시스템은 AI 영상인식을 포함한 최신 기술로 기존 대면 입·퇴장 방식을 원스톱 비대면으로 전환해 고객 동선 최적화와 운영 효율성 제고를 목표로 운영된다.이와 관련해 씨유박스 관계자는 “최근 국내외 호텔·리조트·카지노 등에 최신 AI 기술 도입이 확산되고 있다”며, “이번 수주를 계기로 아랍에미레이트 등 현재 적극 추진 중인 해외 시장 개척에 힘을 기울이겠다”고 전했다. 통합 IT 보안 전문기업 SGA솔루션즈(대표 최영철)가 제9회차 전환사채 발행을 위해 자기사채의 만기 전 소각 결정을 공시를 통해 밝혔다. 소각 대상이 되는 전환사채(CB)는 지난 2021년 7월 발행한 185억원에 해당하는 ‘제8회차 무기명식 이권부 무보증 사모 전환사채’로 당시 그룹통합사옥 구축과 연구개발 투자·마케팅 자금 등으로 활용됐다. 이번 자기사채 소각 결정은 기존 전환사채 금리보다 이율이 낮은 제9회차 전환사채를 차환용(refunding)으로 발행하게 된 것이라고 SGA솔루션즈 관계자는 설명했다.한편 SGA솔루션즈는 115억 규모 클라우드 보안 국책 과제를 수주했다는 소식이 전해지며 시간외 상한가를 기록하는 등 주가 고공 행진을 기록하기도 했다.보안기업 공시 주요 일정첨단 ICT 서비스 IT 기업 롯데이노베이트(옛 롯데정보통신, 대표 고두영)가 지난달 25일 주주가치 제고를 목적으로 주식매수청구권 행사를 통한 자기주식 소각을 진행하는 감자(자본금 감소)를 결정한 바 있다. 소각에 해당되는 주식은 2019년 ‘현대정보기술’ 흡수합병 과정에서 발생한 보통주 266,964주(주당 액면가 5,000원)로 자본 감소 절차를 거쳐 전량 소각하기로 했다. 따라서 기존 자본금 769억 8,165만원(15,396,331주)에서 감자 후 756억 4,683만원(15,129,367주)으로 변경된다. 롯데이노베이트는 감자 결정 후 신주상장예정일을 5월 13일에서 5월 20일로 변경했다고 공시를 통해 밝혔다. [이소미 기자(boan4@boannews.com)]<저작권자: 보안뉴스(www.boannews.com) 무단전재-재배포금지>"
"수원중부서, 금융감독원 등 사칭 보이스피싱 사범 총 26명 검거",2024-05-16 20:21,"‘통장이 범죄에 연루됐다’, ‘대환대출 해주겠다’는 말로 피해자 속여 금원 편취올해 3월부터 현재까지, 최근 3명 구속...총 4억 5,790만원 회수 및 피해 예방KB국민은행 전국 800개 지점, 이마트 전국 104개 지점 내 신종 보이스피싱 예방 영상 송출도[보안뉴스 김영명 기자] 수원중부경찰서(총경 박영대)는 금융감독원 등을 사칭해 금품을 편취한 보이스피싱 사범을 올해 들어 지금까지 6명을 검거했으며 그 가운데 최근 3명을 구속했다고 밝혔다.[이미지=gettyimagesbank]이번에 검거된 피의자들은 ‘통장이 범죄에 연루됐다’, ‘대환대출을 해주겠다’는 말로 피해자들을 속여 금원을 편취했다. 경찰은 이들 보이스피싱 사범들을 검거하는 과정에서 2억 7,500만원을 회수했고 9,400만원을 지급정지하는 등 총 3억 6,900만원 상당의 피해를 예방했다.수원중부서는 올해 피싱범죄수사팀을 신설했으며, 3월부터 현재까지 보이스피싱 사범 총 26명을 검거했다. 검거된 26명 가운데 6명을 구속했으며, 총 4억 5,790만원 상당을 회수 및 피해를 예방했다.수원중부서에서는 보이스피싱 범죄 피해를 예방하기 위해 전국 KB국민은행 800개 지점, 이마트 104개 지점 내 신종 보이스피싱 예방 영상을 송출했다. 수원중부서 관계자는 “앞으로도 피싱사기에 대한 지속적인 예방 홍보 및 신속하고 면밀한 수사를 통해 피해구제와 보이스피싱 사범 검거에 최선을 다하겠다”고 밝혔다.한편 수원중부서는 보이스피싱 범행 수법으로 5가지를 소개하며 더 이상의 피해자가 나오지 않도록 주의할 것을 당부했다. 보이스피싱 범행수법은 △불특정 다수에게 ‘카드가 발급(또는 결제)됐다’는 문자를 발송, 이를 확인하기 위해 전화를 걸면 상대방이 금융감독원 및 검사를 사칭, 통장이 범죄에 연루됐다고 속이는 수법 △대출이 필요한 불특정 다수에게 전화를 걸어 신용등급을 올리기 위해서는 현금이 필요하고 사용된 현금은 대출금이 나올 때 환급해 주겠다는 수법 △불특정 다수에게 기존의 대출금을 저금리 상품으로 변경해 주겠다고 하고, 대환대출이 불가능한 상품을 무단으로 전환했으니 계약 위반(금융거래법 위반)이라고 속이는 수법 △기존 대출금을 상환하면 추가 대출을 실행시켜 주겠다는 수법 △불특정 다수에게 자녀를 사칭, 부모에게 문자 메시지로 휴대전화가 고장 났다 보험금을 신청해야 한다며 신분증 보내게 한 뒤 원격조정 애플리케이션 링크를 설치해 소액 결제하는 수법 등이 있다. [김영명 기자(boan@boannews.com)]<저작권자: 보안뉴스(www.boannews.com) 무단전재-재배포금지>"
[속보] 내 가족 목소리까지 흉내낸 AI 신종 피싱 주의!,2024-05-16 17:14,"가족 목소리 AI로 학습시켜 돈 뜯어내는 AI 피싱 기승...개인 SNS관리 주의해야AI 등 신기술 악용한 범죄 예방을 위한 기술 연구 및 대응 방안 마련 중요[보안뉴스 김경애 기자] 최근 AI피싱이 기승을 부리고 있어 이용자들의 각별한 주의가 요구된다. 특히 내 가족이나 친구, 지인 등의 목소리를 흉내 내어 돈을 갈취하는 범죄가 발생하고 있어 SNS를 통해 음성 영상물을 업로드하지 않도록 하는 등 주의가 필요하다.[자료=경찰청] 16일 경찰청에 따르면 최근 딥페이크, 딥보이스를 활용한 AI보이스피싱이 성행하고 있다며 인공지능 기술을 통해 자녀의 얼굴과 목소리를 조작해 가족들에게 돈을 요구하는 신종 AI피싱이 발생하고 있다며 주의를 당부했다.이에 따라 개인정보를 최소화하는 등 개인 SNS 관리에도 주의가 필요하다. 이와 관련 경찰청은 “AI를 이용한 딥보이스는 억양과 호흡, 침묵까지 표현할 수 있어 실제 음성과 구분이 점점 어려워지고 있는 만큼 SNS에 음성이 포함된 게시물을 올릴 땐 각별히 주의할 것”을 당부했다. 또한 경찰청은 “의심스러운 요청은 반드시 사실 여부를 확인해야 한다”며 “일단 전화를 끊고 당사자 또는 주변 지인들에게 확인하는 게 바람직하다”고 강조했다. 스틸리언 신동휘 CTO는 “최근 AI 기술을 활용한 다양한 범죄가 발생하고 있다”며 “이는 신뢰할 수 없는 사회 분위기로 확산시킬 수 있는 만큼 누군가가 유선으로 “~~~하다. 무언가를 해달라” 요청한다면 반드시 직접 당사자에게 전화해 확인해야 한다”며 당부했다. 이어 신 CTO는 “범죄예방 관련 신기술에 대한 다양한 연구개발이 요구되며 전화번호 변작에 대한 대응방안 마련이 필요하다”고 제시했다.과학기술정보통신부 심주섭 과장은 “정부는 딥보이스 활용 등 신종 보이스피싱 수법의 심각성을 인지하고 이에 대응하고 있다”며 “제도적 안전장치 마련, 탐색 및 방지 기술개발 등을 추진할 계획”이라고 밝혔다. 시큐리온 유동훈 대표는 “유명인 사칭 사건의 경우 신뢰할만한 플랫폼을 통해 이뤄지기 때문에 플랫폼 차원에서 대응 노력이 필요하다”며 “피해자의 기기가 악성코드에 감염된 상태에서 이뤄지는 타깃형 공격이라면 백신을 통한 치료 후 사실 여부를 확인하거나 타인의 기기를 통해 당사자 또는 주변 지인에게 사실을 확인해야 한다”고 말했다. [김경애 기자(boan3@boannews.com)]<저작권자: 보안뉴스(www.boannews.com) 무단전재-재배포금지>"
"[속보] 보건복지부, SNS X 관리자 계정 해킹... 현재 무방비 방치",2024-05-16 16:38,"보건복지부 공식 SNS X 관리자 계정 해킹...현재 SNS 복구하지 못하고 무방비 방치보건복지부 홈페이지엔 공지 안내 없어...별도의 정책 통한 체계적인 관리 필요[보안뉴스 김경애 기자] 보건복지부 공식 SNS X가 해킹돼 이용자들의 주의가 요구된다. 현재 보건복지부 X 웹페이지는 계정 해킹으로 무방비로 방치된 채 복구되지 못하고 있는 상황이다. ▲보건복지부 공식 블로그에 올라온 X 계정 해킹 공지[이미지=보안뉴스]보건복지부는 15일 낮 12시 40분경 공식 블로그를 통해 “X 계정이 해킹돼 로그인이 불가능한 상황”이라며 “즉시 신고 조치한 상황이며, 추가적인 상황을 추적할 예정”이라고 밝혔다. 이어 보건복지부는 “X 사칭 메시지 및 해킹된 채널로 업로드된 게시글로 인한 피해 발생에 주의할 것”을 당부했다. 하지만 계정관리를 어떻게 하고 있었는지, 어떻게 해킹된 건지 등 사건 경위에 대해서는 입장을 밝히지 않았다. 이와 관련 보건복지부 관계자는 “해킹 이슈에 대해 알아본 뒤 답변을 주겠다”며 말을 아꼈다. 플레인비트 김진국 대표는 “SNS 공식 계정의 경우, 홍보를 위해 여러 명이 계정을 공유하거나 개인 계정처럼 일반 환경에서 사용하는 경우 계정 탈취 공격에 취약할 수 밖에 없다”며 “공식 계정의 경우, 별도의 관리 정책을 두고 체계적으로 관리되어야 한다”고 강조했다. 리니어리티 한승연 대표는 “트럼프 미국 전대통령의 트위터 해킹사고 등과 같이 공신력이 있는 SNS 계정은 예전부터 공격의 대상이 되어 왔다”며 “이러한 SNS 계정이 해킹될 경우 가짜 정보의 게재로 인한 사회적 혼란 등 심각한  피해가 발생할 수 있어 복잡한 비밀번호의 사용, 타 업무와 분리된 SNS 전용 단말기 지정과 같은 강력한 보호조치가 필요하다”고 당부했다.순천향대학교 염흥열 교수는 “공공기관의 SNS 계정은 해킹됐을 경우 사회적으로 피해가 확산될 수 있으며, 2차, 3차 피해로 이어질 수 있다”며 “강력한 비밀번호에 기반한 안전한 계정 보안이 먼저이고, 해킹을 조속히 탐지해 추가 피해 확산을 막는 철저한 보안관리가 필요하다”고 말했다.스틸리언 신동휘 CTO는 “처음 X 계정 개설시 계정 초기화를 할 수 있도록 하고 있어 충분히 복구할 수 있음에도 불구하고 공공기관에서 이를 복구하지 못한다는 점이 의아하다”며 “단순히 계정에만 문제가 있는 것인지, 허술한 계정관리로 복구할 수 있는데 못하는 건지, 복구할 수 없는 만큼 상황이 심각한 상황인지, 어떤 정보가 유출된 것인지, 명확히 체크해야 한다”며 허술한 계정관리에 대해 지적했다. [김경애 기자(boan3@boannews.com)]<저작권자: 보안뉴스(www.boannews.com) 무단전재-재배포금지>"
"중앙대학교 보안대학원, 2024 하반기 ‘개인정보보호 전공 석사과정 신입생 모집’",2024-05-17 14:46,"개인정보보호 전공 석사과정, 주말 과정으로 2년간 4학기 진행개인정보보호 및 차세대 기술에 대한 전문화된 교육 진행[보안뉴스 박은주 기자] 중앙대학교 보안대학원이 2024년 하반기 개인정보보호 전공 석사과정 신입생을 모집한다. 모집 과정은 석사과정(주말)으로 산업보안정책학과의 개인정보보호 전공 트랙으로 수업은 금요일 저녁과 토요일에 열린다.▲중앙대학교 보안대학원에서 개인정보보호 전공 석사과정 신입생을 모집한다[이미지=중앙대학교 보안대학원]최근 데이터 경제 시대로 전환 진행됨에 따라 ‘개인정보보호 책임자(Chief Privacy Officer)’의 전문성 강화를 위한 자격요건이 고시되면서, 전문화된 교육의 필요성은 더욱 강조되고 있다. 이에 중앙대 보안대학원 산업보안정책학과 개인정보보호 전공에서는 직장인 대상으로 개인정보 법·제도를 기반으로 △개인정보의 권리보장 △안전 활용 △유·노출 최소화 등을 위한 관리체계와 차세대 기술 등에 관해 심화 학습을 진행 한다. 이를 통해 산업현장 실무자 중심의 네트워크 기회를 제공한다. 이론, 실무 현장 사례까지 포괄적이고 종합적인 개인정보보호와 활용의 융복합 인재 양성을 목표로 한다. 본 교육과정은 다학제인 개인정보보호 전문가 교수진의 특별한 경험을 전수하는 과정으로 운영된다. 성적장학금, 연구장학금 등 다양한 장학제도가 마련돼 있다. 중앙대학교 보안대학원은 “디지털 신뢰 환경(Digital Trust) 조성을 위한 전문가의 길을 중앙대학교 보안대학원에서 함께 하길 바란다”고 전했다.원서 접수는 2024년 5월 3일부터 6월 2일까지며, 자세한 사항은 중앙대학교 보안대학원 홈페이지를 통해 확인할 수 있다.[박은주 기자(boan5@boannews.com)]<저작권자: 보안뉴스(www.boannews.com) 무단전재-재배포금지>"
"이노티움, 사이버보안 성숙도모델 인증 컨설팅 수행 조직 ‘CMMC RPO’ 등록",2024-05-17 14:31,"미국 CMMC 공인 컨설팅 조직 RPO 자격 획득미국 국방성 사업 참여 국내 방산기업 ‘CMMC 컨설팅’ 본격 착수명지대 방산안보연구소 CMMC 센터와 협력해 공동사업 [보안뉴스 박은주 기자] 이노티움(대표 이형택)은 4월 30일 국내 1호로 CMMC 인증 컨설팅 서비스를 수행할 수 있는 조직인 ‘CMMC RPO(Registered Provider Organization)’ 자격을 미국으로부터 획득했다. CMMC RPO는 CMMC의 요구사항과 기준에 따라 미국과 한국 방산기업 CMMC 인증 준비를 지원하게 된다. ▲미국 Cyber-AB 화면[이미지=이노티움]미 국방성은 2025년 사이버보안 성숙도모델 인증(CMMC, Cybersecurity Maturity Model Certification) 제도 시행 계획을 밝혔다. 앞으로 미국에 방산 물자를 수출하거나 공동연구개발을 수행하려는 기업은 CMMC 인증 취득이 필요하다. RPO로 지정되기 위해서는 미국 CMMC 인증기관인 Cyber-AB에 등록하고 승인을 받아야 한다. 승인 조건은 조직 배경 조사를 받고, 최소 1명 이상의 RP(Registered Practitioner, CMMC 컨설턴트)를 보유하는 것이다.이노티움은 RP는 물론 CMMC 레벨 2 인증 컨설팅을 할 수 있는 RPA(Registered Practitioner Advanced) 인력까지 확보해 CMMC 인증 컨설팅을 할 수 있는 모든 자격요건을 구비했다. 특히, 공인 CMMC 컨설턴트인 장경준 부사장은 다년간의 방산업체 사이버 보안 업무를 수행한 전문가다. 최근 창원 모 방산업체에 대한 CMMC 레벨 1 인증 컨설팅을 하는 등 국내에서 CMMC 컨설팅에 대한 이해와 실무경험이 뛰어나다고 평가받고 있다.또한, 이노티움은 CMMC 관련 연구개발을 위해 명지대 CMMC 센터와 협력하고 있다. 명지대 CMMC 센터(센터장 류연승)에서는 CMMC RP 자격을 가진 다수 연구원이 CMMC 교육 컨텐츠와 컨설팅 방법론을 개발하고 있다. 더불어 방위사업청의 K-CMMC 추진 방안, 국방기술진흥연구원의 방산중소기업 CMMC 레벨 1 인증 취득을 위한 전문교육 사업을 수행한 바 있다.이노티움 이형택 대표는 “이노티움이 국내 1호로 미국 Cyber-AB로부터 CMMC 컨설팅 조직으로 공식인증을 받음에 따라 전문인력과 경험을 바탕으로 한층 더 발전된 CMMC 컨설팅 수행 준비를 마쳤다”며 “명지대 CMMC 센터와 협력해 글로벌 경쟁력을 가진 우리 방산 업체가 미국 방산시장에 진출하는 데 일조할 것”이라고 밝혔다.[박은주 기자(boan5@boannews.com)]<저작권자: 보안뉴스(www.boannews.com) 무단전재-재배포금지>"
"KISA-한국특허전략개발원, 사이버보안 기술 경쟁력 강화 위한 MOU 체결",2024-05-17 12:32,"KISA-한국특허전략개발원, 사이버보안 신기술 경쟁력 강화·주도권 확보 위한 MOU 체결제로트러스트 등 국내 사이버보안 산업·기술 분야의 원천·핵심특허 선점 특허전략 수립 지원[보안뉴스 김경애 기자] 한국인터넷진흥원(KISA, 원장 이상중)과 한국특허전략개발원(KISTA, 원장 이재우)은 국내 정보보안과 블록체인 기업의 사이버보안 신기술 경쟁력 강화 및 주도권 확보를 위한 업무협약을 KISA 서울청사에서 17일 체결했다고 밝혔다.▲(왼쪽부터)KISA 박상환 단장, 오동환 단장, 권현오 본부장, 이상중 원장, 한국특허전략개발원 이재우 원장, 김신용 본부장, 한규남 본부장, 이재헌 팀장[사진=KISA]이번 협력으로 KISA와 KISTA는 제로트러스트, 통합보안, 블록체인 등 사이버보안 분야에서의 글로벌 기술 경쟁력을 강화하기 위해 특허 확보 및 표준화 전략 수립을 공동으로 지원한다. 지식재산권(IP: Intellectual Property) R&D 전략 지원을 통한 핵심특허 대응 전략, R&D 방향, IP 창출 전략 수립도 지원할 예정이다.핵심특허 대응은 경쟁사 핵심특허를 심층 분석해 비침해 논리 개발, 자유실시 전략, 회피설계, 무효화 전략 등 핵심특허 도출과 대응전략을 제시한다. R&D 방향은 기업의 기술자립을 위해 단기간에 R&D 내 반영 가능한 수준의 R&D 정보를 제시한다. IP 창출은 경쟁사 특허에 대해 공격 또는 방어가 가능한 신규 IP 창출 전략을 제시한다. 제로트러스트 분야의 경우는 특허전략 지원을 통해 발굴된 국산 특허의 국제 표준 제정을 위한 방향성 수립에도 집중할 예정이다. 이를 위해 지난 4월, 제로트러스트 및 특허 관련 전문가로 구성된 전문가 위원회를 발족했다. KISA는 연중 제로트러스트 관련 기술체계를 구체화할 예정이다. 이후 기술체계 관련 국내·외 표준화 동향 등을 조사·분석하여 핵심특허 표준화 전략에 대한 분석 보고서를 마련할 예정이다.양 기관은 2023년 블록체인 기업 특허전략 수립지원(IP-R&D) 사업으로 협업을 시작해 2024년에는 제로트러스트, 통합보안 등으로 분야를 확대하게 되었으며, 신산업·기술과 관련한 특허확보 전략 수립 및 성과 확산을 위해 본 협약을 체결했다. 세부적으로는 △지식재산 전략 수립 △사업 수행 시 지식재산 전문가 활용 △우수 지식재산 보유 기업 발굴 및 육성 △전문가를 활용한 특허전략 협력체계 구축 △기술 경쟁력 강화 및 산업 발전 등에 적극 협력할 예정이다.특히, 이번 업무협약으로 KISA는 체계적인 특허전략 지원을 통해 강한 특허 등으로 무장한 글로벌 기업을 발굴·육성하는 데 집중한다. 한편, KISTA는 특허 빅데이터 분석을 통해 사이버 보안 등 국가핵심 기술에 대한 국가 전략 수립 및 신기술·사업 개발을 위한 IP-R&D 전략 제시를 통해 유망기업의 핵심 특허 확보를 지원한다. KISA 이상중 원장은 “국내 보안기업이 글로벌 기업으로 우뚝 서기 위해 가장 중요하다고 볼 수 있는 우수 특허 창출을 위해 양 기관이 협력하게 된 걸 매우 뜻깊게 생각한다”며 “KISA는 앞으로도 국내 보안기업의 글로벌 진출을 지원하기 위해 다양한 외부 전문기관과의 협력체계를 구축·유지하고, 국내 보안기업이 신시장 주도권을 선점할 수 있도록 지속적인 지원을 아끼지 않겠다”고 말했다.[김경애 기자(boan3@boannews.com)]<저작권자: 보안뉴스(www.boannews.com) 무단전재-재배포금지>"
"순천향대-정보통신기획평가원,  ITU-T SG17 Q1 연구과제 회의 개최",2024-05-17 12:31,"순천향대- IITP, 보안 표준화 전략 및 조정 라포처 회의 개최보안 매뉴얼 8차 수정안과 보안 표준의 성공적인 활용 사례 기술보고서 마련 Q1의 향후 국제표준화 추진방향 모색 등 주요 안건 다룰 예정[보안뉴스 김경애 기자] 순천향대학교 차세대보안표준전문연구실(센터장 염흥열)은 정보통신기획평가원(이하 IITP)과 함께 17일 서울에서 ITU-T SG17 내 연구과제 1(Question 1, 보안 표준화 전략 및 조정) 라포처 회의를 개최했다고 밝혔다.▲(왼쪽부터) 순천향대 박준형 연구원, 현다은 연구원, IITP 기주희 박사(라포처), 순천향대 염흥열 교수(SG17 국제의장), 박성채 팀장, 고재남 책임[사진=순천향대]Q1 연구과제는 ITU-T SG17에서 보안 구조와 역량에 대한 국제표준을 개발하는 핵심 연구과제로, ITU-T SG17 국제표준화 전략을 수립하고 타 표준화 기구와의 보안 조정 역할을 담당하고 있다. 또한 상위 국제전기통신연합 전권회의(ITU-PP, Plenipotentiary Conference), 세계정보통신표준화총회(ITU-T WTSA, World Telecommunication Standardization Assembly)에서 논의되는 주요 보안 관련 결의에 대해 SG17의 이행 활동을 정리 및 보고하고, 정보보호 표준화 로드맵, ITU-T에서 개발된 주요 보안 표준을 바탕으로 ‘보안 매뉴얼’ 등을 개발하고 있다.이 Q1/17 연구과제는 IITP 글로벌협력팀장 기주희 박사가 라포처로써 리드하며, 국제적인 보안 표준을 마련하고 조율하는 데 중추적인 역할을 수행하고 있다.이번 서울에서 개최되는 Q1 라포처 회의에서는 △보안 매뉴얼 8차 수정안 마련 △보안 표준의 성공적인 활용 사례 기술보고서 마련 △Q1의 향후 국제표준화 추진방향 모색 등의 주요 안건을 다룰 예정이다. 이번 Q1 라포처 회의는 국내에서 처음 개최되는 회의로 그 의미가 매우 크며, 라포처인 기주희 박사의 노력의 결실이라고 볼 수 있다. IITP 기주희 박사는 “Q1 회의는 주요 국가에서 정보통신 및 사이버보안의 정책 입안자들이 많이 참여하는 회의로, 국제 협력과 국제 표준화를 긴밀히 연결시킬 수 있는 중요한 역할을 수행하고 있어 향후 4년 동안 Q1 라포처로서 역할을 수행할 예정”이라고 강조했다. 한편, ITU-T SG17 국제의장인 순천향대학교 염흥열 센터장은 “IITP와 순천향대가 이번 Q1/17 회의를 한국에서 유치하게 되어 매우 기쁘게 생각한다”며, “이번 회의가 성공적으로 개최하는데 최선의 노력을 기울이겠다”고 밝혔다.[김경애 기자(boan3@boannews.com)]<저작권자: 보안뉴스(www.boannews.com) 무단전재-재배포금지>"
"특허청, 1심에 이어 2심 법원도 인공지능을 발명자로 불인정했다",2024-05-17 11:29,"서울고등법원, 인공지능 발명자를 부정한 서울행정법원의 1심 판결 지지[보안뉴스 박미영 기자] 특허청은 인공지능(AI)을 발명자로 기재한 특허출원에 대한 특허청의 무효처분에 불복해 제기된 행정소송(2022.12.)과 관련해, 서울고등법원이 현행법상 사람만이 발명자로 인정된다는 이유로 인공지능을 발명자로 불인정하는 판결(2024.5.16.)을 했다고 밝혔다. 특허청의 무효처분을 지지한 서울행정법원의 1심 판결(2023.6.30.)에 이은 두 번째 판결이다.인공지능(AI)을 발명자로 기재한 특허출원은 미국의 인공지능 개발자(스티븐 테일러)가 자신이 개발한 인공지능(DABUS)이 식품용기 등 2개의 서로 다른 발명을 했다고 주장하며 전 세계 16개국에 특허출원을 한 것이다.미국·유럽·호주·영국에서도 대법원(최종 법원)에서 인공지능을 발명자로 인정하지 않는 것으로 확정됐고, 독일에서는 대법원에서 계류 중이며, 아시아에서는 최초로 2심 법원인 서울고등법원에서 인공지능을 발명자로 인정하지 않는 판결을 했다.이와 같이 현재 주요국 법원의 판결들은 인공지능의 발명자성을 인정하지 않고 있으나 ①수개월 걸리던 반도체칩을 6시간 만에 완성하거나 ②코로나19 백신 등 신약 후보물질을 신속하게 발굴하는 등 사람이 하던 기술개발을 인공지능이 대체하는 사례가 늘어나고 있으므로, 인공지능의 발명자성에 대한 다각적인 검토가 지속적으로 요구되는 상황이다.전 세계 주요 특허청들은 이러한 인공지능 기술의 발전 속도를 고려해 앞으로 있을 수 있는 특허제도의 변화에 대비하기 위해 다양한 논의의 장을 만들어 왔다. 대표적으로 작년 6월에는 미국에서 열린 주요 5개국 특허청(IP5: 한국, 미국, 유럽, 일본, 중국 등 5개국 특허청) 청장회의에서 우리 청이 제안한 ‘인공지능 발명자 관련 법제 현황과 판례 공유’ 의제가 안건으로 최종 승인됐다.그 결과로 오는 6월 서울에서 개최되는 IP5 특허청장 회의에서, 특허청은 이번 서울고등법원 판결까지 반영해 ‘인공지능 발명자 관련 주요국의 법제 현황 및 판례 동향’ 조사 결과에 대해 발표할 계획이다. 이와 더불어 지난해 국내 최초로 실시했던 인공지능 발명자 관련 대국민 설문조사 결과도 발표하고, 주요국 특허청과 의견을 나눌 예정이다.지난해 국내 최초로 실시했던 인공지능 발명자 관련 대국민 설문조사 결과는 다음과 같다. ➀(AI 기술수준 인식 차이) AI를 일반인은 파트너로, 전문가는 단순 도구로 인식한다. ➁(AI 발명자, 특허권자 인정 여부) AI를 발명자나 특허권자로 인정하는 것은 시기상조다. ➂(특허권 부여 시 대상자) AI 플랫폼을 활용해 AI가 발명을 하게 만든 AI 사용자가 특허권 부여 대상자다. ➃(특허권 부여 기간) AI가 발명한 특허권은 현행 특허권 보호 기간보다 짧게 해야 한다.김시형 특허청장 직무대리는 “작년 IP5 청장회의를 통해 주요국 특허청뿐 아니라 산업계에서도 인공지능과 관련된 다양한 지재권 이슈에 초미의 관심을 갖는다는 것을 체감할 수 있었다”며, “향후 특허청이 IP5, 세계지식재산기구(WIPO) 등과의 인공지능 관련 특허제도 논의에 있어서 주도적인 역할을 담당해 국제적으로 조화된 특허제도를 정립해 나가겠다”고 밝혔다.[박미영 기자(mypark@boannews.com)]<저작권자: 보안뉴스(www.boannews.com) 무단전재-재배포금지>"
"행안부, ‘전산사고 재발 방지 점검회의’ 개최",2024-05-17 11:28,"정부24 등 전산망 개선 종합대책 이행 상황 및 전산사고 재발 방지 대책 점검·논의[보안뉴스 박미영 기자] 행정안전부는 전산사고 재발 방지 대책의 추진 상황을 점검하기 위한 회의를 지난 16일 고기동 행정안전부 차관 주재로 개최했다.이번 회의에서는 지난 1월 31일 발표한 ‘디지털행정서비스 국민신뢰 제고 대책’(이하 종합대책)의 주요 추진 실적과 계획을 점검하고, 정부24 민원서류 오발급 등 전산사고 재발 방지를 위한 대책을 논의했다.먼저 종합대책의 총 26개 추진과제 중 정보시스템 등급 산정 등 3개 과제가 완료됐고, 정보시스템 연계 현황 의무화 등 지침 및 매뉴얼 마련 관련 13개 과제들은 연내 완료할 예정이며, 그 외 법령 개정 및 정보시스템 보강 등 중·장기 과제들은 조속히 마무리될 수 있도록 속도를 내 추진할 계획이다.완료된 과제는 △향후 정보시스템 관리와 예산 투자의 기준이 되는 ‘정보시스템 등급’ 기준 개편 및 재산정 △장애 경중에 따라 대응 수준을 달리 결정할 수 있도록 하는 ‘장애 등급’ 신설 △국가정보자원관리원의 디지털안전상황실을 중심으로 한 장애 상황 전파체계 확립이다.이와 함께 정부24 민원서류 오발급 등 전산사고를 계기로 재발 방지를 위한 프로그램 개발 관련 업무 절차 개선 등 핵심 과제들을 논의하고 철저히 시행되도록 했다.프로그램 개발-테스트-적용-모니터링 전체에 대한 업무 절차를 점검·보완해 사업자나 공무원들이 해당 절차를 따르도록 의무화하고, 대량 접속 등 다양한 상황에서 프로그램을 검증하도록 사전 테스트도 강화한다.정부24 등 주요 정보시스템의 철저한 관리를 위해 모니터링을 강화하고, 국민께서 장애 발생 시에도 이용할 수 있는 대체 사이트를 확보하도록 업무 연속성 계획을 보강한다.중장기적으로는 전문성을 갖춘 제3자가 프로그램의 품질을 책임지는 책임감리제의 단계적 도입 방안을 마련할 계획이다.이를 위한 제도적 기반도 신속히 마련한다. 정보시스템 연계 영향도 평가 의무화 등 종합대책 관련 사항과 업무 절차 준수 의무화 등 정부24 민원서류 오발급 대책 관련 사항을 포함한 ‘정보시스템 구축·운영 지침’ 개정을 조속히 완료할 계획이다.고기동 차관은 “정보시스템 등급제에 따른 체계적 관리 등 종합대책 과제들이 현장에서 조속히 정착되도록 이행 상황을 철저히 점검하겠다”며, “또한 정부24 민원서류 오발급과 같은 전산사고가 재발하지 않도록 관련 대책도 함께 신속히 추진하겠다”고 강조했다.[박미영 기자(mypark@boannews.com)]<저작권자: 보안뉴스(www.boannews.com) 무단전재-재배포금지>"
"한국, 인공지능·빅데이터분석·사물인터넷 도입률 OECD 회원 국가 중 1위",2024-05-17 11:28,"OECD, 디지털경제전망보고서 2024 1권 발간[보안뉴스 박미영 기자] 과학기술정보통신부(이하 과기정통부)는 경제협력개발기구(이하 OECD)가 지난 14일(파리 현지 기준) 발간한 ‘디지털경제전망보고서(OECD Digital Economy Outlook, DEO) 2024 1권’에서 국내 기업의 디지털 신기술 도입률이 높은 평가를 받았다고 밝혔다.‘디지털경제전망보고서’는 OECD 디지털정책위원회(Digital Policy Committee, DPC)가 주도해 회원국의 통계자료와 설문 응답을 바탕으로 디지털 분야의 글로벌 동향을 분석해 주요 통계와 정책적 시사점을 제공하는 보고서(2024년부터 상·하반기 발간 예정)다.인공지능·메타버스 등 디지털 분야의 경제와 기술 현황과 전망을 다루는 동 보고서에 의하면 OECD 회원국 내 기업들은 클라우드 컴퓨팅(49%)과 사물인터넷(27%) 기술을 주로 도입하고 있으나 빅데이터 분석(14%)과 인공지능(8%)은 비용상의 문제 등으로 인해 상대적으로 도입이 느린 편이며, 소규모 기업일수록 이러한 추세가 강하게 나타났다.우리나라 기업들의 디지털 기술 도입률은 다른 OECD 회원국에 비해 두드러지는 성과를 보였다. 사물인터넷(53%)·빅데이터 분석(40%)·인공지능 기술(28%) 도입률에서 각각 OECD 1위를 차지했으며, 클라우드 컴퓨팅 도입률(70%) 또한 5위를 차지하는 등 산업 전반적으로 매우 신속하게 디지털 신기술을 적용하고 있는 국가로 평가됐다.동 보고서에 따르면 2011~2022년 OECD 회원국의 ICT 부문 경제는 전체 경제에 비해 2.5배 빠른 평균 5.3%의 성장률을 보였으며, OECD 회원국들은 인공지능·메타버스 등 새로운 기술에 대한 중요성을 인식하고 진흥을 위해 범국가적인 노력을 기울이는 것으로 나타났다.아울러 새로운 기술의 위험성(risk)을 최소화하기 위한 관리 방안도 함께 추진하는 것으로 알려졌다. 정책 사례로는 미국의 2020 AI 이니셔티브법, 유럽의 Horizon Europe(R&D 프로그램), G7의 생성형 AI에 대한 히로시마 프로세스 등이 언급됐다. 특히 우리나라의 ‘인공지능 지역 확산 추진 방향’ ‘K-클라우드 프로젝트’ ‘메타버스 신산업 선도 전략’ ‘메타버스 윤리원칙’ 등 이번 정부에서 역점을 두고 추진한 디지털 신기술 분야별 주요 정책이 소개됐다.이종호 과학기술정보통신부 장관은 “OECD 디지털경제전망보고서를 통해 OECD 국가들의 정책 동향을 파악하고, 우리나라 디지털 분야의 강점과 약점을 확인해 디지털 모범국가로서 국민이 체감하는 성과를 창출하는 데 활용해 나갈 것”이라고 밝혔다.[박미영 기자(mypark@boannews.com)]<저작권자: 보안뉴스(www.boannews.com) 무단전재-재배포금지>"
국립중앙과학관에 인공지능 로봇과 대화하러 가자!,2024-05-17 11:27,"국내 독자 개발 거대언어모델(LLM) 탑재 자율주행로봇, 전시관에 상설 전시[보안뉴스 박미영 기자] 국립중앙과학관은 국내에서 독자적으로 개발한 거대언어모델(LLM)을 탑재한 대화형 인공지능 자율주행로봇인 나르고를 국립중앙과학관 창의나래관 1층에 17일부터 상설로 전시한다고 밝혔다.트위니에서 개발해 2023년 조달청 혁신제품으로 선정된 ‘나르고60’은 마커 및 비컨과 같은 별도 인프라 구축 없이 최대 60㎏ 물품을 싣고 스스로 위치를 추정해 움직이는 자율주행 기술을 접목한 제품으로, 넓고 복잡한 환경에서도 목적지를 원활하게 찾아갈 수 있다.국립중앙과학관은 조달청 혁신제품 시범구매 제도를 통해 나르고를 3개월간 시범 운영했으며, 트위니와 추가적인 협업 연구를 통해 국내에서 독자적으로 개발된 거대언어모델인 ‘바르코 LLM’(엔씨소프트)을 탑재해 사람처럼 사고하고 움직일 수 있는 대화형 AI 자율주행로봇으로 고도화했다.이는 국내 독자 거대언어모델을 전시관에 활용한 최초의 사례로 그 의미가 매우 크다고 할 수 있으며, 관람객들은 나르고와 대화를 통해 과학에 대해 대화를 하거나 원하는 전시 콘텐츠를 안내받는 체험도 가능하다.특히 나르고에 탑재된 바르코 LLM은 응답속도가 빨라 관람객들과 원활하게 소통할 수 있으며, 과학관과 관련된 내용을 학습시켜 전문적이고 과학관에 최적화된 답변을 할 수 있는 장점이 있다.뿐만 아니라 고도화된 나르고는 최근 과학관에서 개최한 스포츠과학 특별전 ‘승리 공식 사이언스’ 개막식에서 음성인식을 통해 VIP에게 성화봉을 가져다주는 이벤트 등 다양한 방법으로 활용이 가능할 것으로 기대된다.국립중앙과학관은 향후 업체와 지속적으로 협업해 나르고에 과학 전시품을 설명하는 도슨트 기능을 추가하거나 과학 관련 전문가와 대화하는 수준으로 관람객이 느낄 수 있도록 계속 업데이트 및 연구개발할 예정이다.트위니 천영석 대표는 “나르고가 더욱 완성도 높은 인공지능 로봇이 되도록 적극 협업하고 국립중앙과학관뿐만 아니라 타 과학관에도 적용 및 확대하는 데 이바지할 것”이라고 밝혔다.또 과기정통부 홍순정 미래인재정책국장은 이런 일련의 “인공지능 실증 협업을 과학관에서 적극 적용해 4차 산업혁명에 대비한 AI 인재 양성과 과학기술문화 확산에 기여하고 이를 통해 국내 AI 독자 기술 및 파운데이션 모델 발전에 크게 도움 줄 것으로 기대된다”고 밝혔다.권현준 국립중앙과학관장 직무대리는 “쉽게 체감하지 못했던 거대언어모델이 탑재된 대화형 인공지능 로봇을 과학관에 직접 와서 체험하고, 최근 빠르게 발전하고 있는 인공지능 기술을 느끼길 바란다”며, “국내에서 독자적으로 개발된 거대언어모델을 적용한 첫 사례인 만큼, 첨단 과학기술을 적극적으로 수용해 관람객들에게 가장 먼저 선보일 수 있는 국가중심과학관의 역할에 최선을 다하겠다”고 밝혔다.[박미영 기자(mypark@boannews.com)]<저작권자: 보안뉴스(www.boannews.com) 무단전재-재배포금지>"
"SKT, 유선 네트워크 운용관리 자동화한 ‘AI 오케스트레이터’ 개발·상용화",2024-05-17 11:26,"국내 통신사 최초 코드형 인프라(IaC) 솔루션 5G/LTE 유선망에 적용[보안뉴스 박미영 기자] SK텔레콤이 국내 통신사 최초로 유선망 운용에 AIOps 환경이 내재된 코드형 인프라 솔루션을 적용, 자동화된 운용 체계를 선보였다. ‘AIOps(artificial intelligence for IT operations)’는 운영 워크플로우를 자동화 및 효율화하기 위해 자연어 처리 및 머신러닝 모델과 같은 인공지능(AI) 기능을 응용하는 것이다.[사진=SKT]SKT는 유선망 운용에 필요한 모든 제어·점검 작업의 자동화가 가능한 차세대 유선망 제어 플랫폼 ‘AI 오케스트레이터(AI Orchestrator)’를 자체 개발하고 5G/LTE 유선망 전체에 적용했다고 밝혔다.AI 오케스트레이터는 코드형 인프라(IaC, Infrastructure as Code)를 통해 네트워크를 운용하는 소프트웨어 정의 네트워크(SDN, Software Defined Network)를 자동화한 플랫폼이다. 네트워크 운용자가 본인에게 익숙한 프로그래밍 언어로 스크립트를 입력하면 각 장비별 명령어로 자동 번역해 전국 수만대 장비를 통합 점검·제어함으로써 운용효율성과 안정성을 획기적으로 향상시켰다.통신사 유선망은 개별 기지국부터 백본망까지 수십종의 인터넷 프로토콜(IP) 기반 통신 장비로 이뤄져 있으며, 네트워크 운용자는 이를 컨트롤하기 위해 장비와 모델마다 상이한 명령어를 모두 숙지해야 했다. 또한 장비마다 직접 작업을 해야 해서 상당한 작업 시간이 소요됐다.이를 해결하기 위해 통신사들은 지난 몇 년간 통신사 주도 데이터 모델 표준화를 추진해 장비 제어를 위한 SDN 기술을 개발해 사용해 왔지만, 높은 유지보수 비용과 장비 제조사별 표준화 적용 차이 등 여러 한계가 있었다.AI 오케스트레이터의 자동화된 시스템은 전체 장비의 통합 제어가 가능하게 함으로써 기존의 한계를 극복했을 뿐만 아니라 과거 며칠씩 소요됐던 작업을 하루만에 완료하는 등 작업 속도도 크게 향상시켰다. 수동 관리 시 발생할 수 있는 오류도 줄었다.망 운용의 안정성도 크게 강화됐다. AI 오케스트레이터는 유선망의 버전 관리는 물론 변경 사항 추적이 용이해 문제를 빠르게 복구할 수 있다. 위험 명령어가 실행되는 코드는 자동으로 검출하고, 해당 코드로 작업이 필요한 경우는 승인권자의 승인 후 실행 가능하도록 해 망 운영의 보안성을 높였다.운용 기능의 기본이 되는 제어·점검 애플리케이션 오류 발생 시에도 기존에는 주요 소프트웨어를 수정하고 빌드·배포 과정을 거쳤던 것과 달리, AI 오케스트레이터에서는 템플릿 코드 수정만으로 빠르게 배포까지 완료할 수 있다.SKT는 여기에 AI 기반 분석·모델 기능을 내재해 네트워크 운용에 있어 더욱 정밀한 분석과 예측이 가능하도록 했다. SKT는 전국에 설치된 통신 장비에서 연속적으로 생성되는 데이터를 수집하는 데이터 분석 시스템을 개발하고, 네트워크 운용자들이 손쉽게 AI를 활용할 수 있도록 딥러닝 프레임워크를 플랫폼에 적용했다.이러한 환경을 통해 네트워크 운용자들은 저장된 데이터에 기반한 AI 모델을 개발하고 데이터를 분석해 향후 어떤 조치와 점검이 필요한지 등을 판단하고, 네트워크 이상 탐지·트래픽 예측에서도 정확성을 높일 수 있다.SKT는 지난 4월 23일부터 3일간 캐나다 밴쿠버에서 진행된 글로벌 차세대통신 표준 협의체 포럼 ‘아이온(IOWN)’에서도 AI 오케스트레이터를 소개해, 컨트롤러 과제로 채택됐다. SKT는 AI 오케스트레이터를 기술 문서화하고, 지속적으로 진화시켜 네트워크 기술 리더십을 강화해 간다는 계획이다.‘IOWN(Innovative Optical & Wireless Network) 포럼’은 6G 유선망 및 데이터 센터 중심 차세대 통신 기술 연구 개발 및 표준 정립을 목적으로 2020년 1월에 설립됐으며, NTT·소니·인텔·마이크로소프트 등 전 세계 140개의 빅테크 기업과 연구소가 참여 중이다. 국내 통신사 중에서는 SKT가 유일하게 참여하고 있다.SKT 류탁기 Infra기술담당은 “국내 통신사 중 최초로 유선망 운영을 위한 넷데브옵스(NetDevOps)를 도입했다는 점에서 큰 의미가 있다”며, “AI컴퍼니로서 당사의 근간인 인프라 영역에 AI를 적용하기 위한 솔루션 개발뿐 아니라 개발 문화도 안착될 수 있도록 앞장설 것”이라고 밝혔다.‘넷데브옵스(NetDevOps)’는 네트워크 엔지니어링과 IT 운영에 DevOps의 원칙과 실천 방법을 적용하는 개발 방법론이다. DevOps는 개발(Dev)과 운영(Ops)의 합성어로, 소프트웨어 개발과 운영자의 협업을 강조해 더 빠르고 안정적으로 제품을 출시하는 것을 목표로 한다.[박미영 기자(mypark@boannews.com)]<저작권자: 보안뉴스(www.boannews.com) 무단전재-재배포금지>"
한-아프리카 지역 탄소중립 위한 ‘새활용 기부 컴퓨터 도서관’ 조성,2024-05-17 11:23,"‘새활용 기부 컴퓨터 도서관’ 탄소절감과 지속가능 교육 일석이조 효과 [보안뉴스 김경애 기자] 대한민국사회공헌재단은 국내 외 취약 계층을 대상으로 새활용 기부 컴퓨터 도서관 설립 사업을 추진한다. 이를 위해 지난 8일(목) 비영리기구 희망친구-기아대책 탄자니아 차케차케 센터 기대봉사단과 함께 탄자니아 차케차케 시(Chake-Chake City)에 새활용 기부 컴퓨터 도서관을 조성하기 위한 협약식을 체결했다. ▲(좌)대한민국사회공헌재단 김영배이사장, (우)기아대책 CDP센터 김종훈 센터장[사진=대한민국사회공헌재단]‘새활용 기부 컴퓨터 도서관 조성사업’이란 공공기관과 기업 등에서 내구연한이 지난 컴퓨터를 기부받아 수리한 후, 아프리카, 동남아시아 등 지역 청소년들의 학습 교실을 조성하는 사업이다. 버려질 위기에 놓인 자원을 재순환해 탄소 배출 문제에 대응하고, 개도국의 디지털 격차를 해결하며 UN SDGs에 부합하는 지속가능한 교육을 실현하기 위한 목적으로 실시된다. 최근 탄소국경조정제도 등 국제환경규제가 무역장벽으로 대두되면서 한국 기업들이 탄소 배출량 산정 등 탄소 감축 관련 규제 대응에 어려움을 겪고 있다는 현장의 목소리를 반영한 것이 사업 추진 계기다.대한민국사회공헌재단의 김영배 이사장은 “대한민국은 전후 수여국에서 공여국으로 전환된 나라기에 이제는 우리가 세계로부터 받았던 것을 선도적으로 나눠줄 때”라며, “이번 탄자니아 차케차케시 컴퓨터 도서관 조성 프로젝트를 통해 대한민국과 K-기업들을 대표해 지속 가능한 지구촌 사회를 실현을 보여주고, 전세계적인 탄소 감축 노력에 기여할 것”이라고 밝혔다.희망친구-기아대책 탄자니아 차케차케 센터 기대봉사단의 김금훈 CDP센터장 또한 “기술의 힘을 빌어 탄자니아의 젊은 세대에게 더 나은 미래를 제공할 수 있다는 것에 큰 의미를 느낀다”며 프로젝트의 중요성을 강조했다. 또한 “이번 컴퓨터 도서관은 차케차케시의 아이들이 정보 기술에 능숙해질 수 있도록 지원하고, 디지털 교육을 통해 미래의 경제적 기회를 넓힐 수 있는 계기가 될 것”이라고 밝혔다.대한민국사회공헌재단은 작은 나눔을 통해 K기업들과 함께 대한민국을 대표하는 사회공헌사업을 진행하고 있다. 이번 사업은 아시아 및 아프리카 전역으로 확대 예정에 있으며 관심있는 기업이나 기관은 누구나 참여할 수 있다.또한 탄소중립 전환·대응을 위한 컨설팅을 위하는 기업이나 기관은 연계 전문기관인 한국서비스산업진흥원의 자문을 받을 수 있다. 대한민국사회공헌재단과 함께 지속가능한 ESG 경영서비스 발굴에 이바지하고 있는 한국서비스산업진흥원은 공정개선, 친환경 저탄소 인증 획득, 탄소중립·사회가치경영(ESG) 진단평가 등 한국기업과 공공기관을 위한 지원을 시행하고 있다.또한 22일(수)에는 ESG서울포럼이 한국프레스센터 매화홀(시청역)에서 실시된다. 서울시 의회가 주최하고 지속가능경영학회가 주관하는 ESG서울포럼은 ESG의 다양한 사례를 발표하며, 지속가능한 발전을 위한 방안들을 협의하고자 매달 진행된다.오는 8월에는 정부시상으로 공공기관,기업들의 우수한 ESG활동 결과에 대한 제19회 대한민국ESG대상이 진행될 예정이다.[김경애 기자(boan3@boannews.com)]<저작권자: 보안뉴스(www.boannews.com) 무단전재-재배포금지>"
"LG전자, AI 클로이 로봇 앞세워 ‘맞춤형 의료 로봇 서비스’ 강화한다",2024-05-17 11:22,"한림대 성심병원과 의료 로봇 서비스 실증을 위한 업무협약(MOU) 체결[보안뉴스 박미영 기자] LG전자가 의료환경에 최적화된 공감지능(AI, Affectionate Intelligence) 클로이 로봇을 앞세워 의료 서비스 분야 내 새로운 고객경험 혁신에 속도를 낸다.[사진=LG전자]LG전자는 최근 한림대 성심병원과 ‘의료진과 환자의 스마트 병원 라이프를 위한 로봇 서비스 발굴 및 사업협력’을 위한 업무협약(MOU)을 체결했다. 협약식에는 한림대 성심병원 유경호 병원장, LG전자 노규찬 로봇사업담당 등이 참석했다.양사는 이번 업무협약을 통해 △병원 특화 로봇 시나리오 발굴 및 실증 사례 구축 △국내외 의료기관 내 다양한 로봇 활용 기회 발굴 및 협업 △병원 특화 로봇 제품 기획 및 시스템 연동 협력 등을 단계적으로 진행한다.양사는 AI 클로이 로봇을 앞세워 의료 환경에 특화된 다양한 로봇 서비스를 개발하는 데 뜻을 함께했다. 이에 따라 국내 최대 수준의 의료서비스 로봇을 운영 중인 한림대 성심병원을 ‘LG전자 첨단로봇 선도병원’으로 지정하고 병원 내 다양한 로봇 실증 사례를 연구한다.특히 LG전자는 지난 CES 2024에서 첫선을 보인 이후 다양한 B2B 현장에서 운영 중인 양문형 ‘LG 클로이 서브봇(LG CLOi ServeBot)’이 최적의 의료 서비스 효율화에 기여할 수 있을 것으로 기대하고 있다.양문형 LG 클로이 서브봇은 4칸의 양문형 서랍에 최대 30kg까지 물건 적재가 가능해 다양한 크기의 의료용 물품 배송이 수월하다. 내부에는 위생을 고려해 항균 처리된 소재 및 환기팬을 적용했다. 또 이송 중인 의약품 및 검체·혈액 등 물품의 도난·분실 등을 방지하는 보안·잠금장치가 탑재됐다.환자와 방문객으로 복잡한 병원 내 공간에서는 사고를 예방하기 위해 무엇보다 고도화된 장애물 회피 기술과 안정적인 주행 능력이 중요하다.LG 클로이 로봇은 레이저 기반의 라이다 센서와 카메라를 활용해 주변 사물을 인식하고 이를 AI가 정밀하게 분석해, 공간을 지도화해 번잡한 병원 내 공간을 안정적으로 주행한다. 스스로 병원 내 승강기를 호출해 병상 침대나 링거 주사용 스탠드 등을 인식하며 안전하게 탑승한다.전면에 탑재된 10.1인치 터치 화면과 음성 안내로 환자와 보호자들에게 필요한 정보를 알려준다. 에스코트 기능을 활용하면 약국, 병원비 수납처 등으로 직접 길도 안내받을 수 있다.LG전자는 지난 2020년 서울대병원 대한외래를 시작으로 이원 의료재단, 국립 암센터, 용인 세브란스 병원 등 다양한 의료기관에 클로이 로봇 솔루션을 지속 공급하며 의료 서비스 분야 고객의 페인포인트(Pain Point)를 해결하고 다양한 공간에서 쌓아온 노하우를 적극 반영하고 있다.한림대 성심병원 유경호 병원장은 “LG전자와 함께 환자와 의료진의 만족도를 향상하는 다양한 시나리오를 개발해 의료 서비스 질을 향상하고 국내외 의료 서비스 로봇의 새로운 표준이 되는 성과로 이어지길 희망한다”고 말했다.LG전자 노규찬 로봇사업담당은 “LG 클로이 로봇으로 시설 안내와 배송 등 반복적인 업무를 대신해 의료진의 업무 효율성은 높이고 방문객에게는 차별화된 로봇 의료 서비스 경험을 제공할 것”이라고 말했다.[박미영 기자(mypark@boannews.com)]<저작권자: 보안뉴스(www.boannews.com) 무단전재-재배포금지>"
"NC문화재단, 인공지능 윤리 정보 포털 ‘FAIR AI’ 오픈",2024-05-17 11:20,"AI 윤리 관련 논문, 보고서, 정책, 커리큘럼 등 관련 정보 통합 제공[보안뉴스 박미영 기자] NC문화재단(이하 재단)이 인공지능(AI) 윤리 관련 정보를 총망라한 포털사이트 ‘페어(FAIR) AI’를 오픈했다.[사진=NC문화재단]‘FAIR AI’는 △국내외 논문 및 보고서 △언론 기사 △가이드라인 △커리큘럼 소개 등 AI 윤리와 관련된 다양한 정보를 통합 제공한다. AI 분야 전문가뿐만 아니라 일반 대중도 손쉽게 양질의 데이터에 접근할 수 있는 검색 시스템을 구축했다. ‘FAIR’는 ‘Faithful’ ‘Accountable’ ‘Inclusive’ ‘Responsible’의 앞 글자를 딴 약자로, ‘공정하고 책임감 있는 AI 정보 라이브러리’라는 의미를 담고 있다.재단은 기술과 인간의 공존을 위해서는 기술의 윤리적 사용이 필요하다는 인식을 갖고 2020년 해당 분야를 선도하는 미 MIT, 스탠퍼드대의 연구를 지원하기 시작했다. 2021년부터는 하버드대와 연계해 인간 중심 AI를 위한 ‘임베디드 에틱스(Embedded EthiCS)’ 커리큘럼 개발을 후원하고 있다.재단은 지난 5년간의 AI 윤리 연구 후원 내용을 바탕으로 6월 27일부터 28일까지 ‘FAIR AI 2024’ 컨퍼런스를 개최한다. 컨퍼런스 주제는 ‘AI 윤리와 창의성이 이끄는 가장 인간적인 미래’다. 자세한 행사 내용은 NC문화재단 대표 홈페이지 공지사항에서 확인할 수 있다.재단 관계자는 “AI 윤리 정보 라이브러리 ‘FAIR AI’가 인공지능 기술의 윤리적 사용에 대한 사회적 합의에 기여하기를 바란다”며, “다음 달 NC문화재단 사옥에서 열리는 컨퍼런스에도 많은 관심 부탁드린다”고 말했다.NC문화재단은 2012년 엔씨소프트 창립 15주년을 맞아 체계적이고 지속적인 사회적 책임활동을 위해 설립한 비영리 재단으로, ‘사회적 약자에 대한 배려’와 ‘우리 사회의 질적 도약을 위한 가치 창출’이라는 방향성을 가지고 다양한 사회공헌 사업을 전개하고 있다.[박미영 기자(mypark@boannews.com)]<저작권자: 보안뉴스(www.boannews.com) 무단전재-재배포금지>"
"KT DS, AWS 서울 서밋 2024서 Gen AI 활용 사례 공유",2024-05-17 11:19,"AWS의 Advanced 파트너사로서 디지털 가속화를 위한 솔루션과 서비스 7종 소개[보안뉴스 박미영 기자] KT그룹의 IT서비스 전문기업 KT DS는 아마존웹서비스(AWS)가 16·17일 개최한 ‘AWS 서밋 서울 2024’에 참가해 디지털 가속화를 고민하는 기업에 해결책을 제시했다.‘AWS 서밋 서울’은 기업 관계자들과 개발자들이 모여 최신 클라우드 기술과 디지털 혁신 트렌드를 공유하는 행사로, 올해 10주년을 기념해 역대 최대 규모로 개최된다. 이번 행사에 KT DS는 전시와 세션 발표를 통해 참관객을 만난다.KT DS 전시 부스는 언제든지 쉽게 이용할 수 있는 편의점을 모티브로 구성해 ‘Cloud와 AI를 24시간 당신(DS) 곁에’를 주제로 디지털 가속화를 위한 솔루션과 서비스 7종이 소개됐다. △클라우드 통합 관리 플랫폼 CloudWiz(클라우드위즈) △AI서비스 도입을 위한 B2B AI서빙 플랫폼 AI:ON-U(아이온유) △대용량 트래픽 처리에 탁월한 API Gateway 솔루션 BEAST(비스트) 등 대표 솔루션 3종이 부스에서 시연됐다.그 외에도 AntBot(앤트봇, AI와 결합된 RPA), AICentro(에이아이센트로, AI 통합 개발 플랫폼), Smart X(스마트 통합관제서비스), CloudWiz MSP 서비스(클라우드 전환 부스터) 등 디지털 전환을 위한 다양한 솔루션과 서비스도 만나볼 수 있었다.KT DS 기술혁신단 김성우 단장은 지난 16일 ‘디지털 혁신 가속화를 위한 KT DS의 AWS, Gen AI 활용 사례’를 주제로 발표했다. AWS Cloud와 Gen AI를 활용한 다양한 사례를 공유하며, 생성형 AI 기반의 디지털 혁신에 대한 인사이트를 제시했다.김성우 단장은 “이번 서밋에서 KT DS는 ‘Cloud와 AI 전문 SW 기업’으로서 Cloud와 Gen AI 분야에 경쟁력 있는 자사의 솔루션과 서비스를 선보이게 된다”며, “AX와 DX 도입을 고민하는 기업들에게 최상의 해결책을 제안하며, 기업의 디지털 가속화를 제공하는 최고의 파트너가 되겠다”고 전했다.[박미영 기자(mypark@boannews.com)]<저작권자: 보안뉴스(www.boannews.com) 무단전재-재배포금지>"
"삼성SDS, 생성형 AI로 인천국제공항공사 업무 혁신한다",2024-05-17 11:18,"인천국제공항공사-TTA와 디지털 업무혁신 MOU 체결, 생성형 AI 솔루션 ‘브리티 코파일럿’ 적용 검토[보안뉴스 박미영 기자] 삼성SDS가 ‘브리티 코파일럿(Brity Copilot)’으로 인천국제공항공사 임직원들의 업무 혁신에 나선다.[사진=삼성SDS]삼성SDS는 지난 14일 인천국제공항공사 업무의 하이퍼오토메이션(Hyper-automation) 혁신을 위해 인천국제공항공사, 한국정보통신기술협회(이하 TTA)와 업무협약(MOU)을 체결했다고 밝혔다.이번 협약을 통해 3사는 △영상회의 솔루션 및 생성형 AI 서비스 제공 △생성형 AI를 활용한 공항공사 업무 효율화 지원 △AI 기술의 안정적 도입을 위한 검증 및 지원 등 공항공사 임직원들의 업무 혁신을 위해 협력하기로 했다.삼성SDS는 인천국제공항공사에 영상회의 솔루션인 ‘브리티 미팅(Brity Meeting)’과 기업의 공통 협업 업무를 생성형 AI로 자동화하는 ‘브리티 코파일럿’을 제공하고, 이를 활용한 서비스 개발 및 테스트 환경 제공·디지털 신기술을 공동 발굴한다.‘브리티 코파일럿’은 회사 업무를 하면서 가장 빈번하게 사용하는 메일, 메신저, 미팅, 문서관리 등 기업의 공통 업무를 지원하는 협업 솔루션에 생성형 AI 기술을 적용한 서비스다.인천국제공항공사 임직원들은 브리티 코파일럿을 통해 영상회의 중 △실시간 자막(한/영) 및 번역(13개 언어) △회의 전체 내용 자막 스크립트 △회의록 작성 및 실행 방안(Action Item) 도출 등 다양한 AI 기능을 업무에 활용할 수 있다.특히 브리티 코파일럿의 높은 한국어 인식 정확도와 실시간 번역 기능은 글로벌 커뮤니케이션이 많은 인천국제공항공사 업무에 유용할 것으로 기대된다.삼성SDS 황성우 대표이사(사장)는 “삼성SDS의 생성형 AI 서비스로 인천국제공항공사 업무 혁신을 도울 수 있게 돼 기쁘게 생각한다”며, “이번 협력을 바탕으로 인천국제공항공사의 하이퍼오토메이션 혁신 및 디지털 전환을 위해 지속적인 협력을 이어나갈 것”이라고 말했다.삼성SDS는 ,브리티 코파일럿,과 생성형 AI 서비스 플랫폼 ‘패브릭스(FabriX)’를 정식 출시하고 공공/국방, 유통, 금융, 제조 등 다양한 분야의 고객들과 소통하며 기업용 생성형 AI 서비스 사업을 적극 전개하고 있다.[박미영 기자(mypark@boannews.com)]<저작권자: 보안뉴스(www.boannews.com) 무단전재-재배포금지>"
"서울시, ‘수도(水道) 행정’에 인공지능 도입... 2040년까지 스마트 검침 전면 도입",2024-05-17 11:17,"기계식 수도계량기, 사물인터넷 등 디지털 기술 적용된 ‘스마트 검침’ 교체 추진[보안뉴스 박미영 기자] 서울시가 기계식 수도계량기를 사물인터넷 기술이 적용된 디지털 계량기로 교체, 오는 2040년까지 ‘스마트 검침’을 전면 도입한다. 나아가 실시간 물 사용량 데이터를 기반으로 인공지능을 적용해 정확한 수도요금 서비스를 제공하는 등 4차 산업 기술을 ‘수도(水道) 행정’에 적용해 시민 생활을 획기적으로 개선해 나간다.[이미지=서울시]‘기계식 수도계량기’는 사람이 일일이 현장에 방문해 사용량을 확인하는 방식이다. 따라서 육안으로 확인하다 보니 수도계량기가 위치한 여건 또는 상태에 따라 오검침이 발생하거나 수도 요금 관련 민원·분쟁 등의 우려가 있다.서울 시내 수도계량기는 2024년 4월 말 현재, 227만개로 최근 1인 가구가 늘면서 수도계량기도 함께 증가하고 있다. 검침원 352명이 1인당 매월 3,000개의 계량기를 방문 검침하고 있다.수도요금 관련 민원은 지난해 기준 80만건으로, 시 다산콜센터에 접수되는 민원 중 ‘교통’ 다음으로 많다. 이 중 이사 정산(30만건)·누수 감면(4만건) 등이 많으며, 시내 8개 수도사업소 전화상담 직원 73명·요금심사 직원 141명이 수도요금 민원을 담당하고 있다.내년부터 ‘단말기 일체형 계량기’ 도입...2040년까지 ‘스마트 검침’ 인프라 완료시는 내년부터 국내 최초 ‘단말기 일체형 계량기’를 도입할 예정이다. 기존에는 디지털 계량기 설치 후 통신 단말기를 추가 설치하는 방식으로 이원화돼 있어 전환에 속도를 내는 데 한계가 있었으나 일체형 계량기를 설치하면 스마트 검침으로의 전환에 가속이 붙고, 설치비용도 절감할 수 있다.시는 단말기와 계량기를 일체화하기 위해 지난해 ‘단말기 일체형 계량기’ 요구 규격을 관련 업체에게 제공하고, 올해 중 관련 제품 개발을 추진하고 있다. 이렇게 개발된 시제품은 일정 기간 성능 검증을 거쳐 내년부터 현장에 도입하는 것이 목표다.시는 1단계로 2040년 ‘스마트 검침’ 인프라 구축을 완료하고, 2단계에는 축적된 빅데이터를 활용해 차세대 행정 서비스 개발을 본격화한다. 인공지능으로 각 가정의 물 사용 패턴을 분석해 실시간 이사 정산, 옥내 누수 사전 예방, 정확한 수도요금 심사 및 부과 등 대시민 서비스를 획기적으로 높인다는 계획이다.시는 지난해까지 검침이 다소 위험하거나 불편한 지역의 수도계량기 12만개를 우선 스마트 검침으로 전환했다. 오는 2030년까지 종로·용산·성북 등을 포함해 누적 110만개를 전환할 예정이며 2040년까지 스마트 검침 인프라 구축을 완료할 계획이다.현재는 사람이 직접 수도 사용량을 확인하기 때문에 오검침 가능성이 있고, 2개월에 한 번 요금고지서를 받아 사용량을 확인하지만 스마트 검침으로 전환되면 1시간 단위 실시간 데이터를 공유할 수 있어 정확하고 합리적인 요금 안내도 가능해진다.‘스마트 검침’ 이사 정산·누수 확인·동파 예방 등 효과…시 “시민 편의 높여 나갈 것”앞으로 수도 검침이 ‘스마트 검침’으로 전면 전환되면 첫째로, 연간 30만건에 달하는 이사 관련 수도요금 정산 민원 처리가 훨씬 빠르고 편리해진다. 이사 시 시민이 직접 수도계량기를 확인하고 정산 신청하는 과정에서 생기는 민원·분쟁 등이 사라지게 되는 것이다.‘디지털 원격 검침 데이터’를 활용하면 실시간 물 사용량을 확인할 수 있어 시 직원이 디지털로 기록된 데이터를 확인하고 요금을 즉시 정산·통보하기 때문에 관련 민원이나 분쟁을 예방할 수 있다.중부수도사업소 관계자는 “수도요금이 격증했다고 민원을 제기한 가구에서 ‘스마트 검침 데이터’를 통해 시간당 사용량을 확인, 새벽에 사용량이 늘어난 것을 확인하고 ‘누수’를 찾아낼 수 있었다”며, “이사 정산을 할 때도 이제 원격으로 정확하고 빠르게 요금을 확인할 수 있게 돼 민원인의 편의가 높아졌다”고 말했다.두 번째로는, ‘실시간 물 사용량’ 정보 관리를 통해 옥내 누수를 조기 발견하고 대응할 수 있어 누수로 인한 수도요금 부담과 물 낭비를 줄일 수 있다. 실제로 서울에서 옥내 누수는 연간 4만여건에 달하며 시가 운영 중인 ‘누수감면제도’로 감면받는 물의 양은 연간 약 300㎥만톤, 누수 감면액은 한 해 약 25억원에 이른다.시는 앞으로 ‘스마트 검침 데이터’를 활용해 누수량과 누수 유형을 분석해 새는 물을 조기에 찾아 안내할 예정이다. 현재는 누수 의심 사례가 발견되지 않는다면 수도계량기 검침 및 2개월에 한 번 진행되는 요금 부과를 위한 심사 과정에서 이상 징후가 발견되기까지 최대 60일간 누수가 지속될 수 있다.세 번째, 시는 앞으로 디지털 계량기 교체 시 수도계량기함 내부에 온도를 자동으로 감지하는 센서를 설치해 겨울철 ‘동파 우려’ 시 자동으로 시민에게 알림을 보내는 서비스를 제공할 예정이다. 가구별 실시간 물 사용량, 계량기함 내부 온도, 기상 상황, 배관 정보 등을 인공지능으로 분석해 동파 가능성을 가구별로 안내하는 시스템이다.현재는 영하 10도 미만으로 2일 이상 지속되는 기온 급강하 시 동파 예방을 위한 대시민 홍보를 추진하고 있지만 매년 3,000건 이상 수도계량기 동파가 발생하고 있다.마지막으로 실시간 수돗물 사용 정보를 활용해 취약계층의 위기 상황을 조기에 감지, 이를 활용한 안심 서비스도 지원할 계획이다. 일정 기간 물 사용량이 없는 독거 어르신, 중증장애인 등 위기가구를 자동으로 추출해 시와 자치구 복지 부서로 위기 상황을 알리게 된다.한영희 서울아리수본부장은 “최근 시가 발표한 인공지능 행정 추진 계획에 발맞춰 4차 산업 기술을 ‘수도 행정’에도 선도적으로 도입하고자 한다”며, “수돗물을 사용하는 시민의 편의를 높이고 경제적 부담도 덜어주기 위해 수도 분야 디지털 전환을 착실하게 준비해 나갈 것”이라고 말했다.[박미영 기자(mypark@boannews.com)]<저작권자: 보안뉴스(www.boannews.com) 무단전재-재배포금지>"
"국표원, 신기술·신제품 인증기업 투자유치 지원 프로그램 시행",2024-05-17 11:12,"투자유치 지원기관과 연계한 ‘샛별(NOVA) 프로젝트’ 본격 추진[보안뉴스 박미영 기자] 국가기술표준원(이하 국표원)은 신기술(NET)·신제품(NEP) 인증기업이 연구개발이나 설비 확충에 필요한 투자자금을 유치하는 것을 지원하는 프로그램인 ‘샛별(NOVA) 프로젝트’를 6월부터 추진한다고 밝혔다.이 사업은 신기술·신제품 인증기업 중 투자유치를 희망하는 기업과 벤처캐피털 등 투자기관의 연결을 지원하는 프로젝트로, 신기술·신제품 인증기업이 성장(scale-up)하기 위해서는 투자자금의 확보가 절실한데 이를 위해서는 정부 지원이 필요하다는 현장의 목소리를 반영해 시행하게 됐다.국표원은 소재부품장비투자기관협의회 등과 함께 △신기술 인증이나 신제품 인증을 받은 인증기업들 중 투자유망 기업을 발굴한 후 인증기업과 투자기관의 데이터베이스를 구축해 상호 정보를 탐색할 수 있도록 하고, △투자기관에서 인증기업에게 투자유치를 위한 교육·컨설팅 등을 제공해 인증기업의 투자유치 역량을 강화할 예정이다. 또한 △투자설명회(IR)·현장 실사 등 투자 과정을 거쳐 투자 협약·투자연계형 연구개발(R&D) 등으로 이어지도록 함으로써 가시적인 성과를 이끌어 낼 전망이다.국표원은 투자유치 지원 프로젝트의 첫 단계로 지난 16일 인증기업들을 대상으로 사업설명회를 개최해 투자유치 지원 프로그램을 안내하고 투자유치 교육도 병행했다.진종욱 국표원장은 “우수한 기술을 가진 신기술·신제품 인증기업들이 금번 투자유치 지원 프로그램을 통해 중소·내수기업에서 중견‧수출기업으로 성장하기를 기대한다”며, “앞으로도 해외 마케팅·금융 지원 등 인증기업에 대한 지원 사업을 지속적으로 확대해 나가겠다”고 밝혔다.[박미영 기자(mypark@boannews.com)]<저작권자: 보안뉴스(www.boannews.com) 무단전재-재배포금지>"
"ETRI, AI 기술로 K-뷰티 산업 선도한다",2024-05-17 11:11,"화장품의 고정밀 피부 발림성 분석 시스템 개발…정확도 99%[보안뉴스 박미영 기자] 국내 연구진이 혁신적인 AI 기술 기반으로 화장품의 발림성을 분석하는 시스템을 개발했다. 이 시스템으로 화장품을 피부에 발랐을 때 느낄 수 있는 질감을 99% 이상 알아맞힐 수 있어 세계의 주목을 받고 있다.[사진=ETRI]한국전자통신연구원(ETRI)은 인공지능 기반으로 딥러닝 알고리즘을 활용해 화장품의 다양한 질감 특성을 측정하고 화장품의 발림성을 효과적으로 분석할 수 있는 시스템을 개발했다고 밝혔다.이번에 ETRI가 개발한 기술은 딥러닝 학습과 단시간 푸리에 변환(STFT) 및 연속 웨이블릿 변환(CWT) 기법을 통해 화장품을 피부에 바를 때 나타나는 마찰력 측정값의 변화, 즉 발림성의 변화를 분석했다.연구진은 피부에 화장품을 바르는 행위와 유사한 환경에서 데이터를 획득했다. 그리고 시간에 따라 변화하는 1차원의 마찰 신호를 2차원의 주파수 스펙트럼 형태로 재해석해 원하는 시간-주파수 혼합 신호를 추출·분석했다. 이러한 기법을 활용해 결과값의 정확도를 99% 이상으로 높일 수 있었다.본 기술은 발림성 분석 결과를 통해 젊은 여성, 중년 남성, 유아 등 남녀노소별 또는 계절별로 가장 적합한 화장품을 추천하는 데 이용할 수 있다.또한 사람의 감각에 의존해 발림성을 평가하는 현재의 전통적인 전문가 관능 평가 방식을 대체할 수 있다. 전문가 관능 평가는 평가자가 직접 제품을 피부에 바르며 촉촉한지, 건조한지, 어느 연령층이 좋아할지, 어느 계절용인지 등을 주관적 느낌을 통해 점수를 매기는 것이다.하지만 전문가의 교육·훈련과 일치하지 않는 결과에 대한 보완 테스트 진행 등에 많은 시간과 비용이 필요하다. 또한 수많은 제품이 생산되고 출시를 기다리는 상황에서 사람이 직접 일일이 발림성을 평가하는 데 한계가 있다.이로써 ETRI 기술이 사람의 평가로 나타나는 개인차에 따른 오차를 줄여 객관적인 평가를 제공하고, 평가 시간과 비용도 절감할 수 있다.ETRI는 테라리더, 아모레퍼시픽과의 공동 연구로 개발된 고정밀 화장품 사용감 테스트 기기를 이용해 AI 기반 화장품 및 피부 의약품 발림성 분석 시스템 개발에 성공했다.아울러 아모레퍼시픽으로부터 화장품 질감 측정을 위한 10종 이상의 제형 샘플을 제공받아 약 5,000개에 달하는 데이터셋을 기반으로 발림성 연구를 진행했다.ETRI 양용석 지능형부품센서연구실장은 “기존 상업용 화장품 크림을 분류하기 위해 딥러닝 모델을 사용한 화장품 및 피부 의약품의 분석 기술을 한차원 높은 수준으로 끌어올린 혁신적 성과이다. 향후 전 세계적 불황에도 불구하고 수요를 지속해서 창출해 내는 K-뷰티 산업에서 새로운 소비트렌드 부상과 개인맞춤화에 앞장설 수 있는 기술로 발전시킬 계획”이라고 밝혔다.연구진은 향후 온도 센서 등에 관한 연구도 진행해 본 기술이 냉온감 나아가 향과 색상에 관한 부분도 분석할 수 있도록 연구를 확장할 계획이라고 밝혔다.아울러 이번 AI 기반 화장품 발림성 분석 기술이 마찰 특성 기반의 의류, 직물의 촉감과 페인트 등 도장 특성 그리고 자동차 타이어 마찰 특성 판별 등 다양한 분야에서 적용될 수 있을 것으로 기대했다.본 기술의 연구 결과는 지난 13일, ACS 어플라이드 머트리얼즈 & 인터페이시스(ACS Applied Materials & Interfaces)에 게재됐다.본 연구는 과학기술정보통신부와 정보통신기획평가원(IITP)의 ‘AI 기반 화장품 및 피부 의약품 발림성 분석 시스템 기술개발’의 일환으로 수행됐다.[박미영 기자(mypark@boannews.com)]<저작권자: 보안뉴스(www.boannews.com) 무단전재-재배포금지>"
"BPA, 건설 현장 안전관리 위해 ‘Safety Lounge’ 운영",2024-05-17 11:10,"신항·감천항 등 원거리 현장 안전관리 현황 등 CCTV 연결해 실시간 확인·공유[보안뉴스 박미영 기자] 부산항만공사(BPA)는 건설 현장의 안전관리 및 시설물의 안전점검 현황 등을 파악할 수 있는 ‘Safety Lounge’를 사옥 1층에 조성해 운영한다고 밝혔다.‘Safety Lounge’에서는 BPA가 관리하는 부산항 내 각종 건설 현장에 설치된 CCTV를 연결해 현장의 안전활동, 구조물 시공 품질 확인, 비산먼지와 같은 공사 현장 환경, 민원 등을 실시간 확인할 수 있다.기상 악화(태풍)·폭염 등으로 인한 비상상황 때 사고 발생 유무 등을 즉각 파악하고, 현장과 소통해 작업 중지 등 근로자 안전을 위한 조치를 신속하게 취할 수도 있다.현재는 신항 북컨 배후단지 조성 공사와 2-6단계 부두 상부시설 공사, 감천항의 일반부두 확장 공사 등 3곳의 현장이 Safety Lounge와 연결돼 있으며 점진적으로 다른 건설 현장으로 확대할 방침이다.또한 Safety Lounge에서는 BPA 소관 시설물의 안전점검 계획과 특별안전점검 등과 같은 일정을 공유하고, 임직원의 안전의식을 고취하기 위해 건설공사에서 발생하는 안전 사고 및 우수 예방 사례 등을 영상으로 소개할 예정이다.이상권 BPA 건설본부장은 “Safety Lounge 운영으로 건설 현장의 상황을 실시간 확인하고 공유함으로써 관리·감독 기능을 강화해 시공 품질을 확보하는 동시에 비상 상황에 신속하게 대비하겠다”며, “아울러 작년 조성한 부산항만공사 안전교육센터와 더불어 스마트 건설기술을 활용해 안전문화를 확산하는 효과를 기대한다”고 말했다.[박미영 기자(mypark@boannews.com)]<저작권자: 보안뉴스(www.boannews.com) 무단전재-재배포금지>"
"전남도, 지능형응급의료시스템 구축 본격화",2024-05-17 11:09,"구급차-종합상황실-의료기관 정보 공유로 도민 생명 보호[보안뉴스 박미영 기자] 전남도는 지난 16일 정보통신산업진흥원, 연세대산학렵력단과 함께 2년간 총액 10억원 규모의 ‘지능형응급의료시스템(AI앰뷸런스) 시범지역 사업 착수보고회를 개최했다.AI앰뷸런스 구급차는 영상을 수집하는 통신 캠과 음성을 수집하는 블루투스 마이크·5G 태블릿을 탑재하고, 119 종합상황실과 의료기관에 응급서비스를 표출하는 장비를 도입해 구축된다.구급차와 종합상황실·의료기관 간 응급환자 정보를 공유하면 의료기관은 환자 도착 전 수술 준비 등 최적의 치료 계획을 마련할 수 있다.이날 착수보고회에서 각 기관은 상호 협력을 통해 AI앰뷸런스 사업의 질적 완성도를 높이고 지원 및 관리기관과의 수시 소통을 통해 사업을 수행하기로 합의했다.이상심 전남도 보건복지국장은 “인공지능 앰뷸런스를 통해 소방, 응급의료기관 등 관계기관 간 긴밀한 협조체계를 구축해 응급상황에 신속히 대응하는 등 도민 생명 보호에 최선을 다하겠다”고 말했다.[박미영 기자(mypark@boannews.com)]<저작권자: 보안뉴스(www.boannews.com) 무단전재-재배포금지>"
"2024년 여름철 홍수대책, 충분한 대피시간 확보 및 현장 사각지대 최소화",2024-05-17 11:07,"인공지능을 활용해 더 빠르고 촘촘한 홍수예보를 통해 충분한 대피시간 확보[보안뉴스 박미영 기자] 환경부는 지난 16일 올해 여름철 홍수 피해 예방을 위한 환경부의 ‘2024년 여름철 홍수대책’을 발표했다.최근 기후변화로 인한 이상기후로 예측하기 어려운 집중호우 등이 자주 발생하고 있으며, 홍수에 대한 사전 대비의 중요성이 커지고 있다. 이에 환경부는 집중호우에도 홍수 대응 방안이 실제 현장에서 작동될 수 있도록 관계기관 간 긴밀히 협조해 여름철 홍수 대책을 추진한다.이번 대책은 국민 안전을 최우선 목표로 해 ‘과학에 기반하고, 현장에서 작동되는 홍수 안전체계 마련’을 위해 △인공지능 홍수예보 △국민체감형 정보 제공 △취약지역 사전 대비 △홍수 대비 물그릇 확보 △현장 대응역량 강화 등 5가지 중점과제를 추진한다.△디지털플랫폼 기반의 과학적 홍수예보첨단 기술을 적용한 인공지능(AI) 홍수예보를 본격 시행한다. 인공지능 기술을 활용해 홍수 예측을 자동화하고 예보관 판단을 지원함에 따라, 더 많은 지점에 대한 예보가 가능하게 됐다. 이를 통해 예보지점을 그간 대하천 중심 75개소에서 지류·지천을 포함한 223개소로 대폭 확대한다.홍수 발생 전에 하천의 수위를 예측하는 예보뿐만 아니라 전국에 설치된 수위관측소(673개소)에서 하천수위를 1분 주기로 관측(모니터링)해 수위 상승 등 위험 상황을 관계기관에 전파한다.하천의 수위 예측과 함께 도시지역 침수에 대해서도 예보를 확대한다. 작년에 처음으로 실시한 서울 도림천 도시침수예보를 올해는 광주(황룡강), 포항(냉천), 창원(창원천) 지역까지 확대해 운영한다. 하천 및 하수관로 수위 등을 확인해 침수가 예상되는 상황을 지자체에 알리고, 지자체에서 신속하게 주민들을 대피시킬 수 있도록 한다.또한 홍수로 인한 침수에 대응하기 위해 홍수위험지도의 활용도를 높인다. 하천범람으로 인한 침수를 나타내는 하천범람지도는 2022년 말에 제작 완료했으며, 하수관로 역류 등으로 인한 침수를 나타내는 도시침수지도는 침수우려지역에 대해 제작해 인터넷을 통해 국민들에게 공개하고 있다. 이를 통해 국민들은 침수우려지역을 확인할 수 있으며, 지자체는 비상상황 시 대피소 및 대피경로를 마련해 도시침수에 대비한다.△국민이 체감할 수 있는 홍수정보 제공이전까지는 홍수경보 알림 문자(CBS)를 받아도 운전 중에는 어느 곳에 발령됐는지 제대로 확인할 수가 없었다. 올해부터는 처음으로 차량 운전자가 홍수경보 발령지점이나 댐 방류지점 부근을 진입 시, 내비게이션에서 음성으로 안내를 해줌으로써 저지대와 같은 위험지역에서 운전에 주의할 수 있도록 한다.홍수주의보·홍수경보 알림 문자(CBS)는 개인별 핸드폰 위치정보(GPS)를 활용해 ‘본인이 침수우려지역에 위치해 있는지 여부’와 ‘인근 침수우려지역 지도’를 함께 제공해 위험지역을 신속히 벗어날 수 있도록 도와준다.관계기관에는 빈틈없이 홍수예보 등 위험 상황을 알린다. 기존에는 팩스(FAX), 문자(SMS)로만 전파했다면, 올해부터는 ‘보이스 메시지 시스템(VMS)’과 재난안전통신망 등도 추가하고 책임감 있는 현장 대응이 이뤄질 수 있도록 지자체 부단체장에게 직접 홍수 위험 상황을 전달한다.△하천·하수도 등 취약지역 사전 대비제방 등 하천시설과 하천 점용 공사 현장 등에 대해 전문기관(하천협회)과 합동으로 실시한 일제점검을 4월에 완료했으며, 홍수기(6.21.~9.20.) 전까지 미흡한 사항에 대한 보수·보강 등의 필요한 조치를 신속히 완료한다.하천공사 현장을 포함해 취약한 구간은 전문기관과 합동 조사 후 홍수취약지구로 추가 지정해 집중 현장 점검을 통해 관리하고, 하천 합류부와 협착부 등 물 흐름에 지장이 있는 곳은 수목 제거와 퇴적토 준설 등을 홍수기 전까지 최대한 완료한다.지자체가 홍수기 전까지 하수관로의 시작이라 할 수 있는 빗물받이를 점검·청소하도록 협조해 도시침수를 예방한다. 또한 지자체가 침수위험지역에 맨홀 추락방지시설을 설치하도록 하고, 설치된 시설은 집중 점검하도록 관리한다.△선제적 댐 방류 등 홍수 대비 물그릇 확보집중호우 시 최대한 물을 담아둘 수 있도록 다목적댐(20개)에 대해 홍수기 전까지 집중 방류를 통해 홍수조절용량을 최대한 확보(61.4억㎥)한다.환경부가 관리하는 다목적댐뿐만 아니라 관계기관 간 협업해 발전용 댐(7개소, 한국수력원자력)과 농업용 댐(36개소, 한국농어촌공사)에 대해서도 사전 방류 등 홍수에 대비한다. 특히 작년에 월류가 발생한 괴산댐은 홍수기 제한수위를 작년보다 3m 하향해 운영하는 등 홍수조절용량을 추가 확보한다.또한 임진강 및 북한강 유역 등 접경지역에 대해서는 위성 직수신 안테나 설치로 위성영상을 통한 관측(모니터링)을 고도화해 북측 댐의 예고 없는 방류 등에 대비한다.△현장 중심의 대응 역량 강화작년 말까지 국가하천 전 구간(3,602㎞)에 사각지대가 없도록 설치한 8,000여대의 CCTV를 활용해 현장 상황을 적기에 확인하고 관계기관에 전달함으로써 현장 대응이 신속히 이뤄지도록 지원한다. 또한 지자체도 해당 폐쇄회로텔레비전(CCTV)을 확인할 수 있도록 시스템을 개선·운영해 대응능력을 높인다.홍수대응 지휘본부(컨트롤타워)로서 ‘물재해종합상황실’을 운영해 홍수예보 및 실시간 하천수위 등 현장 상황을 꼼꼼하게 관측(모니터링)하고 위기상황에 대응한다.또한 현장 대응능력을 높이기 위해 올해부터 환경부는 지자체와 더 많은 소통과 훈련 등을 통해 협업체계를 강화하고, 지자체의 현장 대응 능력을 높일 계획이다.5월 첫째주에는 올해 처음으로 홍수안전주간을 운영해 정책토론회·유역별 모의훈련·지자체 합동 연수회(워크숍) 등 기관 간 홍수 대응 준비 상황을 철저히 점검했으며, 앞으로 홍수 대응 시에도 기관 간 적극 협력한다.한화진 환경부 장관은 “홍수기 전 남은 기간 동안 하천공사 현장 점검 및 조치 등을 신속히 완료해 홍수 대응에 사각지대가 없도록 하겠다”며, “올여름 집중호우로부터 인명 피해가 발생하지 않도록 국민 안전을 최우선으로 홍수 대응에 최선을 다하겠다”고 밝혔다.[박미영 기자(mypark@boannews.com)]<저작권자: 보안뉴스(www.boannews.com) 무단전재-재배포금지>"
"한국전파진흥협회, 사이버 보안 인재 양성 위한 ‘시스코 보안 아카데미’ 1기 모집",2024-05-17 11:00,"네트워크 및 사이버 보안 전문가 양성 목적, 6월 24일부터 12월 20일까지 6개월 진행수도권에 비해 혜택을 받기 어려운 지방소재 청년들에게 교육 기회 제공[보안뉴스 김경애 기자] 한국전파진흥협회는 사이버 보안 인재 양성을 위해 ‘시스코 보안 아카데미’의 교육생 모집을 진행한다고 밝혔다.[포스터=한국전파진흥협회]시스코는 미국 샌프란시스코에 본사를 두고 있는 글로벌 IT 기업으로, 최근 스플렁크 인수 등을 통해 AI 시대의 보안 분야 역량을 강화하고 있다. 운영기관인 한국전파진흥협회(RAPA)는 카카오, 현대오토에버, 넷플릭스 등 다양한 선도기업과 고용노동부 K-디지털트레이닝 ‘디지털선도기업아카데미’ 교육을 운영하는 기관으로 이번에 시스코와 함께 네트워크/사이버 보안 전문가 인재양성을 추진한다.파트너기관인 ICT폴리텍대학교는 과학기술정보통신부로부터 정보통신기술 인력 양성 기관으로 지정 받은 국내 유일의 ICT 특성화 대학이다. ICT폴리텍대학은 교육생들에게 보다 현장감 있는 실습환경을 제공하고, 학습에 집중할 수 있도록 대학내 식사·기숙사·독서실 등 학습환경 및 편의시설, 식사를 무료로 제공한다.시스코 보안 아카데미는 네트워크/사이버 보안 전문가 양성을 목적으로 2024년 6월 24일에 시작되어 2024년 12월 20일까지 6개월(총 976시간) 동안 ICT폴리텍대학교(경기도 광주시 소재)에서 진행한다. 교육생들에게 실제 산업 환경에서 요구하는 기술력을 갖춘 인력을 배출하는 것을 목표로 네트워크 기초와 함께 물리적 보안/사이버 보안 등 현대 IT 보안의 주요 분야에 대한 심도 있는 교육을 제공할 예정이다.또한, 시스코 현직 멘토 및 공인 강사들과 함께 프로젝트 기반 학습을 통해 실무 경험을 쌓을 수 있으며, 네트워크 및 보안분야 전문자격인 CCIE 인증 시험 응시 기회를 제공받아, 자격증 취득을 통한 전문성 강화가 가능하다.한국전파진흥협회 관계자는 “이번 프로그램은 국내 IT 보안 인력 부족 문제를 해결하고, 특히나 수도권에 비해 혜택을 받기 어려운 지방소재 청년(졸업예정자 또는 미취업자)들에게 교육 기회를 제공하여, 교육 격차 해소와 모든 지역에서 균등하게 인재가 배출될 수 있는 기반을 마련할 것으로 기대된다”고 밝혔다.이번 교육과정은 고용노동부 ‘내일배움카드’ 발급 대상에게 지원되는 무료 교육이며, 자세한 내용과 참가 신청은 시스코 보안 아카데미의 공식 웹사이트에서 문의할 수 있다.[김경애 기자(boan3@boannews.com)]<저작권자: 보안뉴스(www.boannews.com) 무단전재-재배포금지>"
"위해 해외직구 제품, 원천 차단과 함께 개인정보보호법 위반 여부 점검",2024-05-16 20:54,"위해제품 관리 강화, 가품 차단 및 개인정보보호 강화, 소비자 피해 예방 및 구제 강화가품 차단 위해 빅데이터 기반의 AI 모니터링 등 해외 플랫폼 모니터링 강화 특허청-관세청 보유 정보 실시간 매칭 차단시스템 도입...개인정보보호법 위반 여부 조사상반기 중 결과 공표, 미흡 사업자에 대해 필요한 조치 시행[보안뉴스 김경애 기자] 국민 안전을 해치는 해외직구 제품이 원천 차단된다. 이는 어린이제품(34개), 전기·생활용품(34개), 생활화학제품(12개) 등 해외직구 금지 등 최근 해외직구가 급증함에 따라 위해제품 반입 등 현재 제기되고 있는 다양한 문제에 대응하기 위한 것이다. 특히 해외 플랫폼에 의한 개인정보 침해 우려도 지속적으로 제기되고 있어 개인정보보호도 한층 강화된다. [자료=국무조정실]이와 관련 한덕수 국무총리 주재로 개최된 국정현안관계장관회의에서 ‘해외직구 급증에 따른 소비자 안전 강화 및 기업 경쟁력 제고 방안’이 발표됐다. 이에 따라 앞으로는 안전한 제품이 국내에 반입될 수 있도록 위해 제품에 대한 관리가 강화된다. 1. 소비자 안전 확보△위해제품 관리 강화첫째, 국민 안전·건강 위해성이 큰 해외직구 제품은 안전 인증이 없는 경우 해외직구가 금지된다. 우선, 13세 이하의 어린이가 사용하는 어린이 제품 34개 품목(유모차, 완구 등)은 철저한 안전관리를 위해 KC 인증이 없는 경우 해외직구를 금지한다.미인증 제품 사용시 화재, 감전 등 안전사고 발생 우려가 큰 전기·생활용품 34개 품목(전기온수매트 등)은 KC 인증이 없는 경우 해외직구를 금지한다.생활화학제품 12개 품목(가습기용 소독·보존제 등)은 유해성분 등이 포함된 제품을 사용할 경우 심각한 신체상 위해 가능성이 있어 신고·승인을 받지 않은 제품의 해외직구를 금지한다. 둘째, 유해성분이 포함된 제품이 무분별하게 국내로 반입되지 않도록 철저히 사후관리하여 국내 반입을 차단한다. 피부에 직접 접촉되는 화장품·위생용품은 사용금지원료(1,050종) 포함 화장품 모니터링, 위생용품 위해성 검사 등을 통해 유해성을 확인된 제품의 국내 반입을 차단한다. 최근 국내 유입이 빈번한 장신구, 생활화학제품(방향제 등 32개 품목) 등 유해물질 함유제품은 모니터링, 실태조사 등을 통해 기준치 초과제품의 국내 반입을 차단한다. 반지 등 장신구는 카드뮴 최대 700배, 오토바이 브레이크패드는 석면 기준치 1% 초과한 바 있다. 셋째, 해외직구가 금지되는 의약품, 의료기기 등도 연간 적발 건수가 급증하고 있어, 기존 금지 제품에 대한 관리도 강화한다. 불법 의료기기 적발 건수(건)는 2021년 678건에서 2022년 849건, 2023년 6,958건으로 급증했다. 의약품·동물용의약품은 약사법 개정을 통해 해외직구 금지를 명확화하고, 법 개정 전까지는 현행처럼 위해 우려가 큰 의약품을 중심으로 집중 차단한다. 아울러 불법 의약품 판매 사이트 차단과 대국민 홍보도 강화해 나간다. 전자혈압계, 보청기 등 의료기기는 통관단계에서 협업검사와 통관 데이터 분석 기반의 특별·기획점검을 강화하고, 해외플랫폼의 자율차단을 유도한다.납 용출 등 우려가 있는 수도꼭지류와 하수의 수질 악화 가능성이 있는 주방용 오물분쇄기는 통관단계에서 인증 여부를 별도 확인하도록 하여 반입절차를 엄격히 관리한다.△가품 차단 및 개인정보보호 강화 이러한 해외직구를 통한 가품 반입 급증에 따라 K-브랜드와 국내 소비자 피해 위험이 증가하며, 해외 플랫폼에 의한 개인정보 침해 우려도 지속 제기되고 있다. 이에 따라 가품 차단과 개인정보보호가 강화된다.                                                             첫째, 가품 차단을 위해 빅데이터 기반의 AI 모니터링 등 해외 플랫폼 모니터링을 강화하고, 특허청-관세청 보유 정보를 실시간 매칭하는 차단시스템을 도입(2024년 5~)한다. 플랫폼 기업이 가품 차단 조치 등을 미 이행시 제재(대외공표 등)할 수 있는 근거도 마련(상표법 개정, 2024년)된다. 둘째, 개인정보 침해 방지를 위해 정부는 플랫폼 기업들의 개인정보 보호법 위반 여부, 앱 접근권한 미고지 여부 등을 조사‧점검하고 있다. 상반기 중 결과를 공표하고, 미흡 사업자에 대해 필요한 조치를 시행해 나갈 예정이다. 이와 함께, 해외직구에 필요한 개인통관부호의 도용‧악용 사례가 속출하고 있어, 사전검증 강화, 명의대여죄 적용대상 확대 검토 등 보호조치도 강화된다. 2. 소비자 피해 예방 및 구제 강화다음으로 소비자 피해 예방과 구제도 한층 강화될 전망이다. 해외직구 급증에 따라 소비자 피해, 불편‧불만, 분쟁 등도 증가하고 있어 소비자 피해의 사전 예방 및 사후 구제 방안이 추진된다.  먼저, 해외 온라인 플랫폼의 소비자 보호 의무 이행현황, 판매 제품의 위해성 등 면밀한 현황 파악을 위해 범정부 실태조사와 점검을 추진한다. 10개 부처에서 조사와 점검을 진행하고 있고, 결과가 나오는 대로 대외 공표하고 필요한 조치를 시행할 예정이다. 둘째, 해외 플랫폼 이용 과정에서 발생하는 소비자 피해에 대한 구제 또는 법적 제재의 실효성 확보를 위해 해외 플랫폼의 국내 대리인 지정을 의무화한다. 지정된 국내 대리인은 소비자 피해구제를 담당하고, KC 미인증 제품 판매정보 삭제, 불법제품 유통 차단, 가품 차단 조치 등을 이행하게 된다. 공정위, 산업부, 특허청 등에서 국내 대리인 지정과 관련한 법률 개정을 추진한다.셋째, 소비자 피해를 사전에 예방하고, 실효성 확보의 보완조치로서 해외플랫폼 기업과 자율협약을 체결하고 핫라인 구축을 협의한다. 또한, 국내 고객센터를 설치하도록 권고할 방침이다. 자율협약은 공정위, 방통위, 식약처, 과기정통부 등이 해외플랫폼의 자체적인 피해 예방 조치를 위해 추진 중이다. 위해제품의 유통·판매 차단, 청소년 유해정보에 대한 청소년 접근 제한, 식품·의료제품의 불법유통 차단, 상품 검색·추천서비스 기준공개 등이 이루어질 예정이다. 다음으로, 부처별로 산재된 해외직구 정보에 대해 소비자들의 접근성과 편의성을 제고할 수 있도록 ‘소비자24’에 관련 정보를 통합해 제공한다. 개편된 소비자24는 5.16일 즉시 가동되어, 소비자24를 통해 해외직구 전 점검사항, 해외직구 금지물품, 피해주의보, 해외리콜 정보, 분쟁 상담사례 등을 확인할 수 있다.3. 기업 경쟁력 제고정부는 해외직구 급증에 따른 관련 산업의 충격 완화와 기업 경쟁력 제고를 위한 지원 노력을 강화해 나갈 방침이다. 먼저, 첨단 유통물류 인프라 구축 및 기술개발 등 유통 플랫폼의 고도화를 지원하고, 중소 유통･소상공인의 새로운 사업기회 창출을 촉진한다. 풀필먼트 보급 확산 및 고도화 기술개발, 디지털통합 물류시스템 구축 등을 추진하여 중소 유통업체로 첨단 유통물류 인프라를 확산한다. 또한, 배송 단계 단축 및 배송물류 효율화를 위해 제조 및 납품업체 보관시설에서 소비자에게 직접 배송하는 물류센터 공유 활성화를 추진한다.이와 함께 중소 유통 소상공인의 새로운 사업기회를 창출하기 위해 브랜드 인큐베이팅 등 품목 다변화, 소싱 대상국 다변화 등도 지원해 나간다.다음으로, 온라인 해외판매(역직구) 확대를 위해 글로벌 플랫폼 입점 지원을 강화하고, 중소 입점업체의 물류･배송 애로가 없도록 전자상거래 진출이 활발한 지역을 중심으로 해외공동물류센터를 확대한다. 온라인 유통산업 생태계를 활성화하기 위한 기반도 구축한다. 해외 온라인 플랫폼과 공정한 경쟁을 위해 ‘대형마트 새벽배송’ 등 유통 규제를 개선하고, 학계·업계·정부가 공동으로 참여하는 ‘유통산업 미래포럼’을 통해 글로벌 스탠다드에 맞지 않는 규제를 지속 발굴하고 해소해 나갈 계획이다. 정부는 이번 대책에 이어, ‘(가칭)소상공인 종합대책(2024년 6월, 잠정), ‘유통산업발전 기본계획’(2024년 9월 잠정) 및 ‘유통‧물류 AI 활용 전략’(2024년 10월 잠정) 등 온라인 유통산업과 소상공인의 경쟁력 강화를 위한 대책을 지속적으로 마련해 나갈 계획이다. 4. 면세 및 통관 시스템 개선정부는 국내 사업자와 역차별 문제 해소 등을 위해 소액수입물품 면세제도 개편여부를 검토해 나간다. 아울러 소액면세 제도를 악용하여 의도적인 분할(쪼개기) 후 면세 통관을 시도하는 사례를 방지하기 위해 사후 정보분석·상시단속 등을 강화한다.위해제품 반입 차단을 위한 통관 시스템도 개선한다. 먼저, 위해제품 차단에 필요한 모델･규격 등이 기재될 수 있도록 통관서식을 개선하고, 알고리즘 등을 활용해 전자상거래를 통한 위해물품 반입 차단에 최적화된 통관 플랫폼도 2026년까지 구축한다.또한, X-ray 판독·개장검사·통관심사 등 관련 인력을 보강해나가는 한편, 어린이제품, 전기･생활용품 등 분야에서 전문인력 중심의 협업검사를 확대해 나간다. 5. 향후 추진계획정부는 위해제품 관리 강화 및 국내 대리인 지정 의무화 등 법률 개정이 필요한 사항들은 연내 신속히 개정을 추진한다.법률 개정 전까지는 관세법에 근거한 위해제품 반입 차단을 실시할 예정이다. 관세청과 소관부처 준비를 거쳐 6월 중 시행한다. 관세법 제237조에 따르면 국민보건 등을 해칠 우려가 있는 경우 위해제품은 차단 가능하다. 해외직구 종합정보 제공을 위해 개편되는 ‘소비자24’는 5월 16일부터 가동해 소비자들이 해외직구 시 유의사항과 위해제품 정보 등을 손쉽게 확인할 수 있도록 하는 등 대국민 안내와 홍보를 집중하고, 이를 통해 정보가 불분명한 제품에 대해서는 소비자의 신중한 구매를 유도해 나갈 전망이다. 이에 대해 정부는 이번 대책 발표 이후에도 관계부처 TF를 통해 대책 추진상황을 지속적으로 점검해 나가면서 추가･보완 대책도 마련할 계획이다. [김경애 기자(boan3@boannews.com)]<저작권자: 보안뉴스(www.boannews.com) 무단전재-재배포금지>"
"티피링크, 와이파이6 무선 랜카드 2종 출시",2024-05-16 20:48,"원도우10 및 11과 호환WPA3 암호화 등급 지원으로 해커 공격 방지 및 개인정보 보호[보안뉴스 엄호식 기자] 12년 연속 와이파이 시장 점유율 1위 티피링크(TP-Link)는 와이파이6 지원 USB무선 랜카드 ‘Archer TX20U’와 ‘Archer TX20U Nano’ 2종을 출시했다고 밝혔다.▲티피링크 무선 랜카드 ‘Archer TX20U’(왼쪽)와 ‘Archer TX20U Nano’(오른쪽)두 제품은 와이파이6 규격에 대응하는 고성능 무선 랜카드로 802.11ax 전송 속도를 자랑해 안정적이고 빠른 네트워크 환경을 경험할 수 있다. 듀얼밴드 AX1800급의 속도 지원으로 5㎓ 대역에서 1201Mbps, 2.4㎓ 대역에서 574Mbps의 전송 속도를 제공한다.PC 또는 노트북의 USB 포트에 연결해 장치 안에 내장된 드라이버로 쉽게 설치할 수 있으며, 원도우10 및 11과 호환돼 다양한 환경에서 사용할 수 있다. 또한 깔끔한 초소형 디자인으로 여행이나 외출 시 휴대하기에도 편리하다.두 제품은 OFDMA, MU-MIMO 등의 효율적인 데이터 전송 기술을 탑재해 완벽한 네트워크 환경을 제공한다. WPA3 암호화 등급을 지원해 보안성이 뛰어나며 해커 공격을 방지하고 개인정보를 보호한다.Archer TX20U는 USB 3.0 인터페이스를 채택해 최대 4.8Gbps의 전송 속도를 지원해 USB 2.0의 480Mbps에 비해 약 10배 빠른 속도를 제공한다. 이에 더 넓은 와이파이 커버리지로 집안 어디서나 와이파이에 연결할 수 있다.Archer TX20U Nano는 주머니에 쏙 들어가는 나노 사이즈로 휴대성을 극대화하면서도 빠르고 효율적인 와이파이6 네트워크를 탑재한 기술력을 담고 있다. 새롭게 선보인 무선랜카드 2종은 모두 3년 무상 보증 프로그램이 지원되며 TP-Link 공식몰 및 주요 온라인 쇼핑몰에서 구매할 수 있다.[엄호식 기자(eomhs@boannews.com)]<저작권자: 보안뉴스(www.boannews.com) 무단전재-재배포금지>"
"아이디스, 노르마와 양자내성암호(PQC) 영상 보안 솔루션 개발 위한 MOU 체결",2024-05-16 20:47,"양자내성암호 영상 보안 솔루션 개발과 상용화 촉진 초점양자 인공지능 기능 활용한 솔루션 개발도 협력 예정[보안뉴스 엄호식 기자] 아이디스가 양자 컴퓨팅 및 양자 보안 전문 기업 노르마와 손잡고 양자내성암호(PQC) 영상 보안 솔루션 개발을 위한 기반 마련에 나선다. 영상 보안 전문 기업 아이디스는 노르마와 더욱 강화된 보안 솔루션을 선보이기 위해 업무협약(MOU)을 체결하고 양자내성암호 영상 보안 솔루션 개발 분야에서 협력하기로 했다고 16일 밝혔다.▲아이디스가 노르마와 양자내성암호(PQC) 영상 보안 솔루션 개발을 위한 MOU를 체결했다[사진=아이디스]지난 5월 3일 경기도 분당구에 위치한 아이디스 판교 사무소에서 열린 협약식에는 황병국 아이디스 국내사업본부장과 정현철 노르마 대표를 포함한 양사의 임직원들이 참석했다. 2011년 설립된 노르마는 무선 네트워크와 IoT 보안 솔루션을 시작으로 양자 보안과 양자 컴퓨팅으로 기술력을 확장, IoT 보안과 양자 산업 분야를 선도하고 있다. 양사는 이번 MOU를 통해 양자내성암호 영상 보안 솔루션 개발과 상용화 촉진에 초점을 두고 있다. 특히 노르마 대표 양자 제품 라인인 PQC 적용 고성능 SSL VPN ‘Q 케어 커넥트(Q Care Connect)’와 양자 프로그램 개발·실행 지원 환경 ‘Q 플랫폼(Q Platform)’을 활용해 다양한 IoT 분야에 적용하겠다는 계획이다. 나아가 양자 인공지능 기능을 활용한 솔루션 개발도 협력할 예정이다.아이디스 황병국 국내사업본부장은 “노르마와의 MOU 체결은 새로운 암호화 알고리즘인 양자내성암호(PQC)가 떠오르고 있는 상황에서, 그동안 없었던 수준의 하이엔드 양자내성암호 영상보안 솔루션을 새롭게 제시할 수 있는 기회라는 점에서 더욱 의미가 깊다”고 말했다.노르마 정현철 대표는 “양자 컴퓨팅 환경에서 강력한 보안성을 보장하는 PQC 기술로 영상 보안 수준을 한 단계 끌어올릴 수 있을 것이라고 기대한다”며 “아이디스와 영상 보안 분야뿐만 아니라 양자 인공지능 기능을 활용한 솔루션 개발도 협력할 계획”이라고 밝혔다. [엄호식 기자(eomhs@boannews.com)]<저작권자: 보안뉴스(www.boannews.com) 무단전재-재배포금지>"
"KISA-AWS코리아, ‘인공지능 보안 유니콘 기업’ 육성 위해 ‘손 잡아’",2024-05-16 20:46,"인공지능 보안기업의 클라우드 역량 강화, 해외 진출 지원 등 협력 기대[보안뉴스 김경애 기자] 한국인터넷진흥원(KISA, 원장 이상중)과 아마존웹서비스 코리아(Amazon Web Services Korea, 대표 함기호)는 인공지능(AI) 기술을 활용해 제품·서비스를 개발하는 국내 보안기업(이하 AI 보안기업)의 클라우드 역량 강화 및 해외 진출지원을 위한 업무협약을 16일 체결했다고 밝혔다.▲KISA-AWS 협력 프로그램 발족식에서 관계자들이 기념촬영을 하고 있다. (왼쪽부터)KISA 이상중 원장, AWS KOREA 윤정원 공공부문 대표[사진=한국인터넷진흥원]그간 KISA와 과학기술정보통신부는 고도화·지능화되는 사이버 위협에 대응하고 인공지능 기반 차세대 보안산업 활성화를 위해 2021년부터 AI 보안 시제품 개발부터 상용화·사업화 및 실증까지의 전 주기를 지원하고 있다. 이를 통해 투자유치, 일자리 창출, 특허출원을 통한 기술력 확보 등 괄목할 만한 성과를 거두고 있다.한편, 클라우드 보안 시장이 급성장하면서 최근 글로벌 클라우드 보안 거대 신생 기업(유니콘 기업)의 등장이 두드러지고 있다. 국내 보안산업을 활성화하고, 글로벌 시장에서 경쟁 우위를 선점하기 위해서는 기술력과 혁신성을 인정받는 사이버보안 거대 신생 기업(유니콘 기업) 육성이 시급하다. 글로벌 거대 신생 기업(유니콘 기업) 중 사이버보안 분야는 3번째로 높은 증가세(2019년 13개 → 2023년 58개, 4.8%↑)를 보이고 있다.이번 업무협약은 최근 클라우드 보안기업으로 세대교체 중인 사이버보안 시장의 흐름을 고려해 글로벌 클라우드 선도 기업인 AWS와 사이버보안 거대 신생 기업(유니콘 기업)을 공동 육성한다는 점에서 의의가 있다.협약을 통해 양 기관은 △AI 보안 유망기업 발굴 및 공동 육성 △전문인력을 통한 클라우드 기술·사업화 역량강화 △글로벌 네트워크 기반 사업협력 및 판로 확보방안 모색 등 AI 보안기업의 클라우드 역량강화 및 글로벌 시장진출 활성화를 위해 협력하게 된다.특히, 양 기관은 올해 신설된 ‘S-유니콘 기업 육성 프로그램’의 지원기업을 대상으로 클라우드 기술 및 사업화 컨설팅, 마켓플레이스 등록 지원, 전시회 참여 등 양질의 프로그램을 맞춤형으로 기획해 적극 협력할 예정이다.‘S-유니콘 기업 육성 프로그램’의 참가기업 모집 관련 상세정보는 5월 중 KISA 누리집에서 확인할 수 있으며, AI 기술력을 보유한 총 3개 기업을 선발하여 약 7개월간 집중적으로 지원할 예정이다. 신청 접수는 5월 말까지이며, 선정평가는 6월 1~3주, 기업지원은 6월 4주~12월 말까지이다. KISA 이상중 원장은 “이번 업무협약 체결을 통해 국내 AI 보안기업의 해외 시장 안착을 위한 초석을 다지길 기대한다”며, “KISA는 앞으로도 디지털 신기술을 선도하는 글로벌 기업과 협력을 통해 국내 제1호 사이버보안 거대 신생 기업(유니콘 기업)이 탄생하도록 힘쓰겠다”고 말했다.[김경애 기자(boan3@boannews.com)]<저작권자: 보안뉴스(www.boannews.com) 무단전재-재배포금지>"
"플랜티넷, 1분기 당기순이익 전년비 58배 증가... 자회사 VC 역할 컸다",2024-05-16 20:31,"AI 및 신사업 투자 주력 강조...미래 핵심 사업 경쟁력 강화에 최우선 다짐[보안뉴스 김영명 기자] 유해차단·네트워크 보안기업 플랜티넷(대표 김태주)은 올해 1분기 연결 기준 당기순이익이 45억 1,107만원을 기록해 작년 동기 7,709만원 대비 58.5배 이상 대폭 증가했다고 공시를 통해 밝혔다. 이는 최근 자회사 벤처캐피탈(Venture Capital, VC) 알바트로스인베스트먼트의 펀드 평가이익이 증가한 것이 주요인인 것으로 파악됐다.▲플랜티넷 로고[로고=플랜티넷]플랜티넷은 올 하반기 매출성장과 수익성 개선에 집중한다는 계획이다. 회사 측은 1분기 별도 기준 영업손실 4억 5,541만원을 기록했지만, 하반기 실질적인 사업 다각화를 통해 수익을 극대화할 계획이라고 밝혔다. 이를 위해 하반기에는 AI 기술력을 더한 새로운 서비스로 시장을 주도할 계획이다.우선 유해차단 사업부문에서 자체 개발하고 있는 sLLM(경량화 언어모델)을 적용해 보이스피싱·스미싱 금융사기와 인터넷 마약 거래 등 중대한 사회적 문제를 예방하는 데 특화된 AI 서비스로 고도화하고 유·무선통신 시장에서 성과를 창출할 방침이다. 또한 온디바이스 AI 시장에 발맞춰 자회사 플랜티엠과 협력해 독보적인 AI 콘텐츠 서비스를 론칭을 계획하고 있어 앞으로 디지털 콘텐츠 사업부문에서도 시장을 리딩할 수 있는 기업으로 거듭난다는 계획이다.플랜티넷 관계자는 “올해 AI 전문인력으로 구성된 연구개발 조직 ‘AI 테크랩’을 신설하고 자체 기술력 향상에 최선을 다하고 있다”며 “대전환 시대에도 AI 주도권을 확보해 핵심 사업의 경쟁력 강화는 물론 신규 포트폴리오까지 확장해 나갈 수 있도록 노력하겠다”고 말했다.[김영명 기자(boan@boannews.com)]<저작권자: 보안뉴스(www.boannews.com) 무단전재-재배포금지>"
"세이퍼존, ‘랜섬웨어 실시간 탐지 및 차단 서비스’ 선보여",2024-05-16 20:23,"‘SaferZone Anti-Ransomware V10’...‘랜섬웨어 보안 제품’ 국정원 인증 1호 획득윈도 PC 및 서버, 리눅스까지 지원...LG유플러스 통해 출시[보안뉴스 김영명 기자] DLP와 보안USB 등 엔드포인트 보안 전문기업 세이퍼존(대표 권창훈)은 최신 인공지능(AI)로 고도화·진화된 랜섬웨어 공격을 실시간 탐지 및 차단하는 클라우드 보안 서비스를 LG유플러스에서 선보였다고 밝혔다.▲세이퍼존의 9중 레이어 랜섬웨어 보안 엔진[자료=세이퍼존]국정원 1호 보안기능 확인서를 획득한 랜섬웨어 대응 솔루션 ‘SaferZone Anti-Ransomware V10’은 강력한 화이트리스트 기반, 행위 기반 그리고 머신러닝 기반으로 랜섬웨어를 실시간으로 원천 탐지 및 차단하는 보안 솔루션이다. 이 제품은 OS 커널 드라이버 단에서 9단계 다중레이어(Multi-layered) 글로벌 레벨 보안기술로 랜섬웨어를 원천 탐지·차단하고 애플리케이션 단에서 사용자 데이터를 보안 백업·복원해 주는 데이터보호 기술이 융합돼 있다.이 제품은 국내 일부 랜섬웨어 보안 제품들이 랜섬웨어가 암호화 진행 시 원본 파일을 백업하고, 암호화되면 백업된 파일로 복구해 감염을 차단한 것처럼 하는 방식이 아닌 글로벌 랜섬웨어 보안 제품 회사처럼 원천적으로 랜섬웨어 암호화 감염 행위를 실시간 탐지 및 차단하는 방식이다. 기업·공공기관뿐만 아니라 국가 전 산업 분야에서 사이버 위협인 랜섬웨어 감염 공격으로 업무 중단 및 데이터 유실·유출 피해가 크게 증가해 국가적·사회적·경제적으로 심각한 위기에 처해 있다. 이에 따라 랜섬웨어 피해를 사전 예방하는 ‘국정원 보안적합성 인증받은 랜섬웨어 보안 제품’이 기업·공공·금융기관 도입 검토에 큰 도움이 될 것으로 보고 있다. 세이퍼존 권창훈 대표는 “세이퍼존 랜섬웨어 보안 제품은 글로벌 TOP 레벨의 OS 커널 탐지·차단 드라이버 기술로 윈도 PC·서버 운영체제(OS) 뿐만 아니라 다양한 리눅스OS까지 지원한다”고 말했다.[김영명 기자(boan@boannews.com)]<저작권자: 보안뉴스(www.boannews.com) 무단전재-재배포금지>"
"사이냅소프트, ‘AI 기반 사이냅 OCR’ 100건 이상 레퍼런스 확보로 시장 선도",2024-05-16 20:18,"다양한 파트너사와의 협력으로 공공·기업·금융 등 고객 서비스 고도화에 기여[보안뉴스 이소미 기자] AI 디지털 문서 SaaS 기업 사이냅소프트(대표 전경헌)는 AI 기반 OCR 솔루션 ‘사이냅 OCR’이 공공·금융·기업 등 다양한 분야에서 100건 이상의 사업에 공급됐다고 밝혔다.▲사이냅 OCR 공급 100건 돌파[이미지=사이냅소프트] ‘사이냅 OCR’은 이미지나 스캔된 문서의 문자를 정확하게 인식하고 추출하는 AI 기반의 고품질 OCR 솔루션이다. 이 솔루션은 TTA 를 통해 99.3%의 높은 한글 인식률과 우수한 데이터 추출 성능을 검증받았으며, GS인증 및 ICT 기술마켓인증 등 다양한 공신력 있는 품질 및 우수성 인증을 획득했다.사이냅소프트는 Ui Path·오토메이션애니웨어 등의 글로벌 벤더와 KT DS·삼성SDS 등 20여개 이상의 RPA 솔루션 파트너, 그리고 신도리코·소만사 등 보안 솔루션 파트너를 포함해 AI용 문서학습 솔루션 및 SI 파트너 등 다양한 분야의 파트너들과의 협력을 통해 고객 서비스 고도화와 업무 효율화에 기여하고 있다.특히 비정형 학습도구인 ‘키밸류 트레이너(KVT)’와 고객이 직접 새로운 서식을 등록할 수 있는 ‘폼메이커’ 등의 로우코드 기반 도구를 함께 제공하고 있어 서비스 확장 시 유연하게 대응하고 비용 부담을 최소화할 수 있어 고객으로부터 좋은 반응을 얻고 있다.이로 인해 행정안전부·한국자산관리공사 등 공공기관과 농협은행·케이뱅크 등 금융기관, SK 텔레콤·LG전자 등 대기업의 다양한 내부 시스템에서 △업무자동화 ·문서보안·AI 학습용 데이터 구축 등의 목적으로 100여건 이상을 확보하며 시장에서 두각을 나타내고 있다.전경헌 사이냅소프트 대표는 “반복되는 서류 입력 작업을 자동화할 때 인식률이 95% 이하인 경우 사람이 재검토하는 시간과 비용투입으로 효과가 크지 않으나 사이냅 OCR은 인식률 99.3%를 제공해 원활한 자동화가 가능하다”면서, “사이냅 OCR뿐만 아니라 최근 출시 제품인 ‘사이냅 도큐애널라이저’와 함께 도입해 표·이미지를 비롯한 문서구조를 분석해 AI 학습용 데이터로 가공하고자 하는 업체들의 문의도 증가하고 있다”고 밝혔다.[이소미 기자(boan4@boannews.com)]<저작권자: 보안뉴스(www.boannews.com) 무단전재-재배포금지>"
"모니터랩, ‘2024 클라우드 바우처 사업’ 공급기업 선정",2024-05-16 20:16,"수요기업의 ‘아이온클라우드’ 원활한 도입 위한 체계적인 지원[보안뉴스 이소미 기자] B2B SECaaS 전문 기업 모니터랩(대표이사 이광후)이 ‘2024년 중소기업 클라우드 서비스 보급·확산 사업’의 공급기업으로 선정됐다고 밝혔다.▲모니터랩 공급기업 선정 아이온 클라우드 할인 안내[이미지=모니터랩]과학기술정보통신부와 정보통신산업진흥원이 주관하는 ‘클라우드 서비스 바우처’ 사업은 클라우드 서비스 이용료 80%를 정부가 지원하는 사업으로 국내 클라우드 시장 활성화를 목적으로 한다. 해당 사업에 수요기업으로 선정된 기업은 연간 최대 1,550만 원의 이용료를 지원받아 모니터랩의 ‘아이온클라우드’를 이용할 수 있다.‘아이온클라우드(AIONCLUD)’는 SSE(Security Service Edge)를 기반으로 모든 네트워크 보안 스택을 고객에게 구독형으로 제공하는 서비스로서 크게 △기업의 웹서버·API 등을 보호하는 ‘웹사이트 프로텍션(Website Protection)’ △직원들의 인터넷 사용을 보호하는 ‘시큐어 인터넷 액세스(Secure Internet Access)’ △ZTNA 솔루션 ‘시큐어 리모트 액세스(Secure Remote Access)’로 나뉜다. 이 중 올해 바우처를 통해 제공되는 서비스는 △‘웹사이트 프로텍션’의 웹방화벽 △WMS(Website Malware Scanner)·시큐어 인터넷 액세스의 ‘SWG(Secure Web Gateway)’다.모니터랩 이광후 대표는 “이번 바우처 사업 선정으로 국내 중소기업의 웹 자산 보호에 기여할 수 있어 기쁘게 생각한다”면서, “수요기업이 아이온클라우드 도입에 불편함이 없도록 체계적인 지원을 아끼지 않겠다”고 소감을 전했다.[이소미 기자(boan4@boannews.com)]<저작권자: 보안뉴스(www.boannews.com) 무단전재-재배포금지>"
"엠클라우독, macOS 문서중앙화 솔루션 지원... 사내 보안 취약점 최소화",2024-05-16 20:09,"macOS에 체계적인 문서보안·관리·공유 및 협업 환경 제공5월 24일, 오프라인 세미나 개최...고도화된 문서중앙화 솔루션 기능 등 청사진 제시[보안뉴스 김영명 기자] 문서중앙화 전문기업 엠클라우독(mcloudoc, 대표 유상열)은 애플 맥(Mac) 운영체제(OS)에 문서중앙화 솔루션을 지원한다고 16일 밝혔다. 지금까지 마이크로소프트 윈도(Windows) 운영체제 중심이었던 문서중앙화 솔루션 Cloudoc(클라우독)을 맥OS에서도 사용할 수 있도록 서비스를 확장해 사내 보안 취약점을 최소화할 수 있게 됐다.▲엠클라우독이 macOS 문서중앙화 솔루션 지원을 시작했다[자료=엠클라우독]엠클라우독의 문서중앙화 솔루션 클라우독은 EDMS, DLP, DRM 기능이 통합된 원 에이전트 솔루션이다. 이번 지원은 맥OS에서도 문서중앙화 솔루션의 다양한 기능을 이용할 수 있도록 　△폴더 공유 시 사용자·부서별 권한 설정 △외부 DRM 반출 기능으로 협력사에 발신하는 문서 암호화 △PC 로컬 입출력 로그 감지 및 확인 △PC 로컬과 문서중앙화 문서함 동기화 백업 기능 등을 제공한다.이를 통해 회사 내에서 윈도와 맥 운영체제를 함께 사용해도 클라우독 중앙문서함에 문서가 동기화돼 연속성 있는 문서 관리가 가능하다. 직원 간 사용하는 운영체제가 달라도 중앙문서함 내 문서를 웹 링크·링크메일·문서 링크 등 다양한 방식으로 전달하고 열람할 수 있어 협업 효율성을 극대화한다.엠클라우독 유상열 대표는 “문서중앙화 솔루션은 기업에는 주요 자산을 보안하고 관리하는 중요한 역할을 하고, 사용자에게는 업무 효율성을 향상한다”며 “macOS 문서중앙화 솔루션 지원을 통해 운영체제 상관없이 보다 안전한 업무 환경을 제공하겠다”고 말했다. 엠클라우독은 5월 24일 오프라인 세미나를 개최, macOS 지원을 포함해 고도화된 문서중앙화 솔루션 기능과 인공지능 지식관리 및 생성형 인공지능 솔루션에 대한 청사진을 제시할 예정이다.한편 엠클라우독은 보안뉴스·시큐리티월드가 선정한 2023 Global Security TOP 100 기업이다. Global Security TOP 100은 물리보안 분야와 사이버보안 분야를 모두 포함해 2023년 한 해 동안 국내외에서 매출, 성장 속도, 기술력, 혁신성, 지속가능성 등에서 우수한 평가를 받아 선정됐다.[김영명 기자(boan@boannews.com)]<저작권자: 보안뉴스(www.boannews.com) 무단전재-재배포금지>"
[인사] 조달청 과장급 전보 및 승진,2024-05-16 17:55,우수제품구매과장·물품관리과장·조사분석과장·장비구매과장 등 인사◇과장급 전보△구매사업국 건설환경구매과장 서기관 안태석△기술서비스국 우수제품구매과장 서기관 김우환△시설사업국 설계예산검토과장 과학기술서기관 김은라△공공물자국 물품관리과장 과학기술서기관 김상헌△조달품질원 조사분석과장 서기관 문호림△서울지방조달청 정보기술용역과장 과학기술서기관 김명철△인천지방조달청 경영관리과장 과학기술서기관 전현철△인천지방조달청 장비구매과장 서기관 황광하(2024. 5. 17. 자)◇서기관 승진△기획조정관실 기획재정담당관실 서기관 김삼규(2024. 5. 16. 자)[엄호식 기자(eomhs@boannews.com)]<저작권자: 보안뉴스(www.boannews.com) 무단전재-재배포금지>
"KISA, ‘국민피해대응단’ 신설 등 조직 대폭 개편",2024-05-16 17:46,"‘국민피해대응단’, ‘디지털위협분석팀’, ‘스미싱대응팀’ 신설... ‘원팀’ 대응체계공급망 보안 강화 위해 ‘디지털안전지원본부’에 ‘공급망안전단’, ‘신기술안전단’ 신설AI 보안 등 정책연구실 운영, 정보보호 산업 육성 위해 ‘정보보호산업본부’로 개편‘개인정보안전활용본부’에 ‘디지털분쟁조정지원팀’ 전략 배치[보안뉴스 김경애 기자] 한국인터넷진흥원(KISA, 이상중 원장)이 16일 보이스피싱 등 디지털 민생범죄 대응을 위해 ‘국민피해대응단’을 신설하고, 공급망 보안 강화, 정보보호 산업 육성을 위해 대대적인 조직개편을 단행했다.  KISA 이상중 원장 취임 후 첫 조직 개편이며, 20일자로 인사 단행도 앞두고 있어 조직 개편에 관심이 모아지고 있다. [이미지=한국인터넷진흥원]이번 조직 개편과 관련해 KISA는 “국민의 일상을 위협하는 디지털 민생범죄 대응과 ‘KISA 4대 발전전략(민생·안전·산업·역량)’ 실천을 위한 것”이라며 “고위험 사이버 공격에 선제적인 대응 태세 전환과 함께 새로운 비전인 ‘국민의 안전과 국익을 보호하는 최정예 정보보호 전문기관’으로서 총력을 기울이고자 조직을 확대·개편했다”고 밝혔다.  디지털 민생범죄에 대해 엄중히 대처하기 위해 ‘국민피해대응단’을, 국민피해 관련 조사·분석을 위한 ‘디지털위협분석팀’, ‘스미싱대응팀’을 신설한다. 또한 매년 증가하는 스미싱관련 국민 피해에 강경 대응하고 범죄 예방을 위해 ‘보이스피싱대응팀’을 국민피해대응단에 배치해 ‘원팀’ 대응체계를 갖췄다. 대응체계는 디지털 신기술로 다양해진 사이버 위협에 선제적·공세적 대응을 목표로 ‘디지털위협대응본부’에서 운영한다.그동안 스미싱 악성앱 탐지·차단 건수는 2022년 762건 → 2023년 2,764건이며, 분석 건수는 2022년 421건 → 2023년 907건, 2023년도 스미싱 문자탐지 건수는 503,300건이다. 개인정보의 안전과 활용을 강조해 ‘개인정보안전활용본부’를 두고 디지털 이용자 보호를 위한 창구를 일원화하기 위해 ‘디지털분쟁조정지원팀’을 전략 배치했다. 또한, AI 보안 등 신기술 보안정책 역량을 강화하기 위해 정책연구실을 운영하고, 정보보호 산업 육성을 위해 ‘정보보호산업본부’를 두어 정보보호 기술·인재 양성 생태계를 구축한다.아울러 디지털 심화기(Digital Sophistication) 도래에 공급망 보안 강화를 통해 경제안보에 기여하기 위해 ‘디지털안전지원본부’에 ‘공급망안전단’, ‘신기술안전단’을 신설한다.KISA 이상중 원장은 “급변하는 사이버 보안 트렌드를 주도하며 국민이 체감할 수 있도록 사이버 범죄 피해 예방에 최선을 다하고 오로지 국익과 민생을 위한다는 자세로 디지털 안심국가 실현에 함께 할 것”이라고 말했다.이번 조직 개편과 관련해 KISA 관계자는 “원장님 취임 이후 적극적인 대응 차원에서 조직 기능별로 모으고, 신설해 조직을 개편한 것”이라며 “예산, 이관된 업무 등 필요한 부분에 대해서는 각 부처별로 논의했으며, 현재는 인사 단행을 위해 준비 중에 있으며, 20일자로 본격 시행된다”고 밝혔다. 주요 보직 인사는 다음과 같다. ◇ 본부장급 보임△ 개인정보안전활용본부장 김주영△ 정보보호산업본부장 오진영△ 디지털안전지원본부장 김정희◇ 단장급 보임△ 정책연구실장 황보성△ 위협대응단장 임진수(디지털위협대응본부장 직무대리)△ 위협분석단장 박용규△ 인프라보호단장 박정섭△ 국민피해대응단장 이동연△ 개인정보정책단장 심동욱△ 데이터안전활용단장 나은아△ 디지털이용자보호단장 정원기△ 보안산업단장 임채태△ 보안기술단장 이성재△ 보안인재단장 이용필△ 공급망안전단장 이향진△ 보안인증단장 이익섭△ 신기술안전단장 박상환◇ 팀장급 보임△ 인사팀장 김종표△ 정책연구팀장 김성훈△ AI데이터분석팀장 최영준△ 신기술대응팀장 하병욱△ 위협대응정책팀장 배승권△ 탐지대응팀장 조정식△ 스미싱대응팀장 김은성△ 디지털위협분석팀장 이광식△ 개인정보제도팀장 박지용△ 스팸정책팀장 안정은△ 보안산업진흥팀장 고현봉△ 물리보안지원팀장 김선미△ 글로벌협력팀장 변순정△ 보안인재정책팀장 서동우△ 공급망안전정책팀장 이동화△ ISMS인증팀장 박창열△ 클라우드인증팀장 장승재(2024년 5월 20일자)[김경애 기자(boan3@boannews.com)]<저작권자: 보안뉴스(www.boannews.com) 무단전재-재배포금지>"
[오늘의 보안 영어] into the red,2024-05-16 11:34,"“United Airlines was pushed into the red by Boeing and its ongoing quality issues, the airline said Tuesday. The company took a $200 million hit in the first quarter after the Boeing 737 Max 9 was grounded following the door plug incident aboard an Alaska Airlines flight.”-CNN-[이미지 = gettyimagesbank]- into는 ‘~속으로’이고 red는 ‘붉은’입니다. 따라서 이 둘을 합하면 ‘붉은 것 속으로’가 되는데요, 이게 도대체 무슨 뜻일까요?- 위 발췌문을 보면 유나이티드항공사가 보잉 때문에 붉은 것 속으로 밀려들어갔다고 나오는데요, 이렇게 보면 뭔가 비즈니스의 맥락에서 사용되는 표현이라는 걸 알 수 있습니다.- 비즈니스 맥락에서 붉은 색은 손해를 상징하고 검은 색은 이익을 상징하죠. 그래서 적자와 흑자라는 말도 나온 거고, 영어도 똑같이 in the red, in the black이라는 식으로 씁니다. 즉 위의 red도 적자와 흑자의 개념과 관련이 있다는 걸 이해할 수 있습니다.- into the red는 ‘빚을 지게 되다’라는 뜻을 갖습니다. 따라서 위의 발췌문도 “보잉 때문에 유나이티드항공사가 빚을 지게 됐다”고 해석이 됩니다. 보잉에서 연달이 비행기체 품질 관련 사고들이 터졌고, 그러면서 보잉 737 맥스 9 기종이 비행 금지 조치를 당했고, 이에 항공사들이 항공편을 취소하거나 축소시킬 수밖에 없게 됐습니다. 그래서 적자가 났다는 겁니다.- 그러니 항공사들이 보잉을 크게 비판하며 다른 회사(주로 에어버스)와 거래할 거라고 으름장을 놓고 압박할 수밖에 없죠. 사고는 비행기 만드는 곳에서 치고, 손해는 그 비행기 사서 운영하는 쪽에서 보니까요.- into the red와 관련된 예문을 추가로 보겠습니다. * Louise spent way too much money last month, and now she’s in the red.   (루이스는 지난 달 너무 많은 돈을 썼고, 그래서 현재는 재정이 마이너스인 상태다.) * Sam is rubbish with money management; that’s why he’s permanently in the red.   (샘은 돈 관리에 있어서 너무나 무능력하다. 그래서 맨날 빚에 쪼들린다.) * The film was in the red from the day it hit the cinema screens.   (그 영화는 처음 상영되는 순간부터 빚더미에 앉은 것이나 다름 없었다.)※ 이 코너는 보안뉴스에서 발간하는 프리미엄 리포트의 [데일리 보안뉴스+] 콘텐츠를 통해 2주 빨리 만나실 수 있습니다.[국제부 문가용 기자(globoan@boannews.com)]<저작권자: 보안뉴스(www.boannews.com) 무단전재-재배포금지>"
"러시아의 APT 조직 털라, 새 백도어 동원해 외교 시설 공략 중",2024-05-16 11:33,"요약 : 보안 외신 해커뉴스에 의하면 악명 높은 해킹 그룹인 털라(Turla)가 유럽 여러 국가의 외교 기관들에 백도어들을 심고 있다고 한다. 보안 업체 이셋(ESET)에 따르면 이 캠페인에 동원되고 있는 백도어 중에 여태까지 한 번도 발견된 적이 없는 것들이 포함되어 있다고 한다. 루나웹(LunarWeb)과 루나메일(LunarMail)로, 서버가 아니라 사용자 단의 워크스테이션에 침투하여 각종 정보를 빼돌리는 기능을 가지고 있는 것으로 분석됐다. 하지만 아직까지 최초 침투 기법은 알려지지 않고 있다. 현재까지 피해를 입은 곳은 중동의 외교 시설 세 군데라고 하는데, 구체적으로 공개되지는 않고 있다.[이미지 = gettyimagesbank]배경 : 털라는 아이언헌터(Iron Hunter), 펜시브얼사(Pensive Ursa), 시크릿블리자드(Secret Blizzard), 스네이크(Snake) 등의 이름으로 알려진 APT 조직이다. 러시아 정부를 유리하게 만들 수 있는 첩보들을 주로 노린다. 이번 캠페인의 배후 세력으로 지목되긴 했으나 아직 확신할 단계는 아니라고 한다.말말말 : “공격자들은 네트워크에 침투한 후, 미리 훔쳐둔 크리덴셜을 활용해 횡적으로 움직이기도 합니다. 매우 조용히 움직이기 때문에 공격을 장기적으로 진행하고자 하는 의도를 엿볼 수 있습니다.” -이셋-[국제부 문가용 기자(globoan@boannews.com)]<저작권자: 보안뉴스(www.boannews.com) 무단전재-재배포금지>"
코드 리포지터리 깃허브 통해 각종 정보 탈취형 멀웨어 퍼져,2024-05-16 11:32,"요약 : 보안 외신 시큐리티위크에 의하면 코드 리포지터리인 깃허브(GitHub)에서 악성 캠페인이 발견됐다고 한다. 정상적인 깃허브 프로파일을 통해 정보 탈취형 멀웨어를 유포하고 있었는데, 배후에는 러시아어를 구사하는 자들이 있는 것으로 보인다. 이 캠페인을 통해 퍼지고 있는 멀웨어의 종류는 다양한데, 대표적으로 아토믹스틸러(Atomic Stealer), 비다(Vidar), 룸마(Lumma), 옥토(Octo)인 것으로 밝혀졌다. 이 멀웨어들 전부 같은 C&C와 연계되어 있었다. 공격자들은 원패스워드(1Password), 바텐더파이브(Bartender 5), 픽셀메이터프로(Pixelmator Pro)와 같은 브랜드를 사칭함으로써 멀웨어를 유포할 수 있었다고 한다. [이미지 = gettyimagesbank]배경 : 그 외에도 정상적인 맥OS 소프트웨어를 광고하는 웹사이트 12개가 추가로 발견되기도 했다. 이곳에 접속하려 하면 공격자들이 만들어 둔 깃허브 프로파일로 우회 접속되고, 이 프로파일에서는 아토믹스틸러가 유포되는 것으로 분석됐다. 간혹 옥토가 유포되는 경우도 있었다. 깃허브와 같은 코드 리포지터리에서 활동하는 개발자들은 최근 가장 빈번하게 공격에 노출되고 있다.말말말 : “이제는 리포지터리 등에서 코드를 가져올 때 반드시 스캔 과정을 거쳐야 합니다. 자동 스캔 장치를 개발 환경에 구축하는 것은 기본 소양이라고 봐도 무방합니다.” -레코디드퓨처(Recorded Future)-[국제부 문가용 기자(globoan@boannews.com)]<저작권자: 보안뉴스(www.boannews.com) 무단전재-재배포금지>"
"구글, 이번 주에만 세 번째 크롬 제로데이 취약점 패치해",2024-05-16 11:31,"요약 : 보안 외신 블리핑컴퓨터에 의하면 구글이 이번 일주일 동안 세 번의 크롬 제로데이 취약점 패치를 배포했다고 한다. 가장 최근에 패치된 취약점은 CVE-2024-4947이며, 이미 익스플로잇이 되고 있다고 구글은 경고했다. 고위험군으로 분류된 이 취약점은 일종의 ‘타입 컨퓨전’ 취약점으로, 크롬의 V8 자바스크립트 엔진에서 발견됐다. 익스플로잇에 성공할 경우 디도스 공격과 원격 코드 실행 공격을 실행할 수 있게 된다. 보안 업체 카스퍼스키(Kaspersky)가 발견했다. [이미지 = gettyimagesbank]배경 : 2024년 5월 중순을 지나는 시점에 불과한데 올 한 해 크롬에서 발견된 제로데이 취약점은 벌써 7개다. 이번 주에만 두 개가 패치된 상황에서 다시 한 번 패치가 이뤄진 것으로, 크롬이 얼마나 많은 공격과 연구에 노출되어 있는지가 드러난다. 올해 발견된 제로데이 취약점은 CVE-2024-0519, CVE-2024-2887, CVE-2024-2886, CVE-2024-3159, CVE-2024-4671, CVE-2024-4761, CVE-2024-4947이다.말말말 : “윈도용 크롬은 125.0.6422.61, 맥용 크롬이라면  125.0.6422.60, 리눅스용 크롬이라면 125.0.6422.60 버전으로 업데이트 하시기 바랍니다.” -구글-[국제부 문가용 기자(globoan@boannews.com)]<저작권자: 보안뉴스(www.boannews.com) 무단전재-재배포금지>"
"악명 높은 해커들의 놀이터 브리치포럼즈, 국제 공조로 폐쇄돼",2024-05-16 11:30,"요약 : 보안 외신 핵리드에 의하면 FBI가 악명 높은 사이버 범죄자들의 모임 장소인 브리치포럼즈(Breach Forums)를 폐쇄시키는 데 성공했다고 한다. 일반 웹에서 사용되던 도메인과 다크웹 도메인, 텔레그램 계정들까지 전부 확보한 것으로 전례 없는 성과를 거둔 것이라고 FBI와 사법부는 발표했다. 현재 브리치포럼즈에 접속하면 FBI의 경고 메시지가 뜬다. 뉴질랜드, 호주, 영국, 스위스, 우크라이나, 아이슬란드의 경찰들이 이번 작전에 협력했다고 하며, 브리치포럼즈의 각종 소통 창구들을 전부 닫을 수 있었다고 한다. 다만 체포와 관련된 내용은 아직 공개되지 않았다.[이미지 = gettyimagesbank]배경 : 브리치포럼즈는 사이버 범죄자들이 각종 정보를 사고 파는 곳으로, 사실상 사이버 범죄자들의 모임 장소라고도 할 수 있다. 원래는 레이드포럼(Raid Forum)이라는 곳이 이런 역할을 하는 것으로 유명했는데 국제 사법기관의 공조로 문을 닫았다. 그 후 나타난 게 브리치포럼즈다. 브리치포럼즈의 뒤를 이은 다크웹 포럼이 다시 등장할 것으로 예상된다.말말말 : “브리치포럼즈에서 활동하는 자들은 고급 기술을 가지고 있어 신원을 잘 숨기는 편입니다. 하지만 일부는 추적이 가능한 상태로 활동을 하고 있습니다. 그런 자들은 저희가 추적해 조사할 예정입니다.” -FBI-[국제부 문가용 기자(globoan@boannews.com)]<저작권자: 보안뉴스(www.boannews.com) 무단전재-재배포금지>"
"유럽의 클라우드 업체들, 브로드컴에 불만을 제기하다",2024-05-15 23:08,"덩치를 거대하게 부풀린 업체들이 클라우드 산업 전체를 좌지우지 하고 있다는 불만이 제기됐다. 특정 기술을 가진 기업이 불공평할 정도로 큰 세력을 가지게 된 것 자체를 해결해야 클라우드의 미래가 밝다고 그들은 주장하고 있다.[보안뉴스=셰인 스나이더 IT 칼럼니스트] 유럽연합 내 클라우드 기업들을 대변하는 단체 CISPE가 최근 칩셋 제조사인 브로드컴(Broadcom)을 비판했다. 클라우드 소프트웨어 라이선스 비용을 지나치게 높였다는 것이다. 이 때문에 클라우드 서비스 제공업체들이 위기에 처할 수밖에 없게 됐다고 CISPE는 강조했다. 그러면서 클라우드 생태계의 한계인, ‘특정 회사가 지나치게 큰 영향력을 행사할 수 있다’는 것이 드러나기도 했다.[이미지 = gettyimagesbank]CISPE는 ‘유럽의 클라우드 인프라 서비스 업체들(Cloud Infrastructure Services Providers in Europe)’의 준말이다. 아마존을 비롯해 유럽연합 내 소규모 클라우드 업체 26개가 여기에 소속되어 있다. 유럽연합 차원에서 브로드컴의 가격 인상을 어느 정도 제지했지만 충분하지 않다는 게 이 CISPE의 설명이다.유럽연합의 반독점 관리 기구는 4월 15일 브로드컴이 클라우드 업체인 VM웨어(VMware)를 인수한 뒤의 라이선스와 관련된 약관들을 변경한 것에 대한 조사에 착수한다고 발표했다. 변경된 내용 중에는 라이선스 비용에 관한 것도 있었는데 이 때문에 사업을 이어가기 위한 비용 지출이 지나치게 높아졌다고 일부 업체들이 불만을 제기하기 시작했다. 참고로 브로드컴은 610억 달러에 VM웨어를 인수했고, 모든 절차를 2023년 7월에 완결지었다.브로드컴의 CEO인 혹 탠(Hock Tan)은 자사 블로그를 통해 “일부 클라우드 업체들의 우려를 전해 들었다”며 “가격에 변경이 있을 것”이라고 예고했다. 고객들에게 긍정적으로 작용할 것이라고도 밝혔다. “VCF(VMware Cloud Foundation)의 가격을 크게 낮췄고, 이로써 고객들의 도입이 부담스럽지 않게 될 것”이라는 내용이었다.하지만 CISPE의 불만은 쉬이 가라앉지 않고 있다. “문제의 핵심은 가격이 올라갔다거나, 구독 형태로 바뀌었다는 게 아닙니다. 사실 CISPE 회원들은 이미 구독을 하고 있기도 하고요. 진짜 문제는 가격이 불공평한 방식과 수준으로 올랐다는 것이고, 소비자들이 선택할 수 있는 패키지의 구성이 일방적으로 변경되었다는 것이며, 비용 산출 방식과 소프트웨어 이용 약관 내용이 브로드컴 측에 유리하게 바뀌었다는 겁니다. 사실상 클라우드 업체와 사용자들은 브로드컴의 생태계에 묶일 수밖에 없도록 내용이 변경됐습니다.”CISPE만이 아니라 벨기에의 Betlug, 프랑스의 Cigref, 네덜란드의 CIO Platform Nederland, 독일의 VOICE 역시 이번 브로드컴의 정책 변경에 대한 불만을 공식적으로 제기했다. 공식적으로 제기했다는 건 유럽연합 반독점 감독 기구와 유럽연합 위원회에 정식으로 제출했다는 뜻이며, 이를 각 기관의 수장들이 접수했다는 소리다.브로드컴 측은 “클라우드 업체들과의 관계성에 변화를 주고자 한다”고 밝힌 바 있다. 어떤 변화인지 구체적으로 밝히지는 않고 있지만 “그 변화의 핵심이 되는 가치는 최종 사용자들이 좀 더 자유롭게 워크로드를 데이터센터에서 클라우드로, 한 클라우드에서 다른 클라우드로 옮길 수 있게 하는 것”이라고 말했다. 또한 “온프레미스에서 클라우드로 옮기는 과정이 용이할 수 있도록 가격도 표준화 할 것”임을 밝히기도 했다. CISPE는 이런 브로드컴의 발표에 “더 화만 돋구고 있다”는 반응이다. “브로드컴이 업계의 반응을 살피고 있다는 건 충분히 알게 되었습니다. 유럽연합 측에서도 이를 인지하고 가격 조정을 중재했다는 것도 알 수 있습니다. 하지만 이는 충분하지도 않을 뿐더러 오히려 클라우드 업자들을 더 화나게 하고 있습니다. 브로드컴이나 유럽연합이나 지금 이 생태계에서 누가 강자인지 잘 알고 있다는 걸 보여주고 있지요. 그저 불만의 목소리가 나니까 들어주는 시늉만 하고 있고, 진짜 문제의 해결에는 근처에도 가지 않고 있습니다.”그러면서 CISPE는 “진짜 문제는 특정 기술을 가진 기업들의 힘이 너무 세지고 있고, 이 때문에 거기에 종속될 수밖에 없는 수많은 사람들이 휘둘리게 된다는 것”이라고 지적한다. “힘을 가진 그들이 돈을 더 내라면 더 내야 하고, 불공평한 조건을 내걸면 그대로 들어줘야 합니다. 이런 일이 반복되면 그들은 더 많은 것을 누리려 할 것이고, 우리는 더 많은 것을 빼앗기게 될 겁니다. 클라우드 생태계가 소수 업체 몇 개에 좌지우지 된다는 것 자체가 클라우드의 태생적 리스크이고, 이를 해결하기 위한 대책 마련이 필요합니다.”글 : 셰인 스나이더(Shane Snider), IT 칼럼니스트[국제부 문정후 기자(globoan@boannews.com)]<저작권자: 보안뉴스(www.boannews.com) 무단전재-재배포금지>"
"[2024 개인정보보호 우수사례-1] 농림축산식품부, 중앙행정기관 중 유일하게 최상위 등급",2024-05-15 23:03,"개인정보보호 제도 개선, 관리수준 제고정보보호, ISMS-P 3년 연속 인증 유지농림축산식품 분야 개인정보보호 실태 점검 및 컨설팅 실시[보안뉴스 김경애 기자] 개인정보보호위원회는 중앙부처·지자체·공기업 등 796개 공공기관에 대해 실시한 ‘2023년 공공기관 개인정보 관리수준 진단’ 결과를 공개했다.[사진=농림축산삭품부]농림축산식품부, 개인정보 관리 최우수기관으로 선정이번 관리수준 진단은 개인정보보호법 개정(제11조의2 신설)에 따라 올해부터 실시 예정인 ‘공공기관 개인정보 보호수준 평가’의 기준을 시범 적용한 것이 특징이다. 이에 따라 서면 검증 기준을 강화했으며, 정성지표 비중을 대폭 확대(2022년 20% → 2023년 40%)했다.2023년 관리수준 진단 결과에 따르면, 중앙행정기관에서는 농림축산식품부가 개인정보 처리방침 및 유출‧침해 대응 등 분야에서 높은 평가를 받았다. 대상 기관 49개 중앙행정기관 중 최상위 등급인 S등급을 받은 기관은 1개 기관(2.0%)이고, A등급 24개 기관(49%), B등급 18개 기관)36.7%), C등급 4개 기관(8.2%), D등급 2개(4.1%)을 받았다. 개인정보보호 제도 개선 및 관리수준 제고농림축산식품부는 ‘개인정보 처리방침 작성지침’에 따라 홈페이지 및 농림사업정보시스템(AgriX) 내 개인정보 처리방침을 하나로 통합·개정하고 이를 정보주체가 쉽게 확인할 수 있도록 인포그래픽을 활용해 홈페이지에 공개했다. 이와 더불어 본부가 수집·보유하고 있는 개인정보에 대해 유출 및 오·남용을 방지하고 정보주체의 권리와 이익을 보호하고자 ‘개인정보 목적 외 이용·제3자 제공 절차서’, ‘개인정보 유출사고 및 침해사고 대응 절차서(매뉴얼)’ 등 10종을 일괄 재정비했다.또한, 개인정보 수집 현황을 전수조사해 불필요하거나 과다 보유한 개인정보 파일을 점검·재정비 함으로써 개인정보 처리의 적정성과 투명성을 확보했다. 개인정보 처리 시스템을 통해 보존 기간이 경과한 개인정보는 파기하고 개인정보 파일 대장을 현행화 했으며, 업무용 PC에 보유된 불필요한 개인정보를 삭제하고 업무에 필요한 개인정보는 암호화했다.개인정보보호 담당자의 전문성 향상을 위해 전문관을 지정·운영했으며 개인정보보호 운영조직(보호책임자 및 취급자)과 직원을 대상으로 맞춤형 교육계획을 수립해 체계적인 역량 강화를 추진했다. 개인정보 정기점검 및 모니터링을 강화하기 위해 개인정보 처리시스템을 통해 매월 1회 이상 접속 유무 및 다운로드 기록을 점검하고, 기관 대표 홈페이지 등 133개 웹사이트를 대상으로 개인정보 유·노출을 상시 모니터링하는 등 개인정보 관리체계를 안전하게 운영하고 있다.정보보호 및 개인정보보호 관리체계( ISMS-P) 3년 연속 인증 유지농림축산식품부는 농업인의 개인정보를 수집·관리하고 있는 농림사업정보시스템(AgriX)에 대해 정보보호 및 개인정보보호 관리체계(ISMS-P) 인증을 최초로 획득(2021년 12월)했다. 이에 따라 AgriX의 개인정보보호 관리체계 운영과 안전성 확보조치 등에 대한 ISMS-P 인증을 지속적으로 유지하기 위해 연초부터 인증심사 기준항목(3개 분야 102개 항목)에 맞춰 준비하고 2023년 6월 2차 사후심사 신청서를 제출했다.또한, AgriX에 대한 정보보호 및 개인정보보호 관리체계를 재정비함으로써 개인정보파일 및 처리 시스템, 정보자산을 대상으로 위험 분석과 내부 보안지침·매뉴얼 등을 일제 점검해 개인정보 관리를 강화했다. 개인정보 유출 및 침해사고 대응 모의훈련을 수행하고 일선 현장사무소를 대상으로 개인정보 취급 현황에 대한 현장점검 또한 실시했다. 그리고 ISMS-P 인증 전환 준비의 적정성 판단을 위해 외부 심사원을 통해 내부감사를 실시했다. 농림축산식품부는 농업경영체의 개인정보를 포함한 주요 정보를 철저히 보호하기 위해 매년 사후심사를 거쳐 국내 최고 수준의 ISMS-P 인증을 지속적으로(2024년 11월까지) 유지할 계획이다.농림축산식품 분야 개인정보보호 실태 점검 및 컨설팅 실시농림축산식품부는 본부 및 17개 소속·산하기관을 대상으로 각 기관에서 보유하고 있는 개인정보를 안전하게 관리하면서 개인정보보호 수준을 제고하고 개인정보보호위원회 주관 개인정보 관리수준 진단평가에 대비하기 위해 전반적인 실태 점검 및 컨설팅을 추진했다. 개인정보보호 담당부서 및 개인정보 전문업체와 합동으로 점검팀(6명)을 구성해 2개월간 각 기관 개인정보 관리실태를 점검·평가한 후 도출된 미흡사항에 대해 개선방안 등을 지원했다.‘개인정보보호위원회 개인정보 관리수준 진단평가’ 항목을 기준으로 자체 실태 점검 결과, 본부·소속기관의 분야별 개인정보 관리수준은 ‘우수’한 상태였다. 산하기관은 기관별로 편차가 있었으나, 관리수준이 ‘보통’이거나 전년대비 점진적으로 개선되고 있는 양상이었다. 또한, 5개 소속기관에 대해서는 자체적으로 평가를 실시하고 그 결과를 부내 정보화 역량 평가지표에 반영해 개인정보보호에 대한 관심도를 높였다.[김경애 기자(boan3@boannews.com)]<저작권자: 보안뉴스(www.boannews.com) 무단전재-재배포금지>"
"[이슈인터뷰] 과기정통부 최광기 사이버침해대응과장 “CSAP 인증 신규 평가기관, 5월중 공고”",2024-05-15 22:51,"ISMS 인증 유효기간, CSAP와 CC 인증 등 다른 인증 기간 고려해 5년으로 조정 예정 공공기관의 민간 클라우드 이용 활성화 위해 상‧중등급 평가기준 반영된 ‘클라우드컴퓨팅서비스 보안인증에 관한 고시’ 일부 개정[보안뉴스 김경애 기자] 기업의 인증획득 부담 완화와 복잡한 인증 절차 간소화를 위해 최근  정보보호 6개 법정 인증제도의 개선방안이 발표됐다. 개선되는 6개의 법정 인증제도는 △정보보호 관리체계인증(ISMS, 2002~) △클라우드 보안인증(CSAP, 2016~) △정보통신망 연결기기 등 정보보호인증(IoT 2018~) △정보보호제품 평가인증(CC, 2002~) △정보보호제품 성능평가(2018~) △SW 품질인증(GS, 2001~)이다.[이미지=gettyimagesbank]이 가운데서도 정보보호 관리체계(ISMS) 인증과 클라우드 보안인증 제도가 어떻게 개선되는지 관심이 모아지고 있다. 이에 <보안뉴스>는 과학기술정보통신부(이하 과기정통부) 사이버침해대응과 최광기 과장과의 인터뷰를 통해 해당 인증 제도의 개선방향에 대해 들어봤다.1. ISMS 인증Q. 과기정통부에서 현재 진행 중인 ISMS 인증 개선의 구체적인 내용이 궁금합니다.자금력이 부족한 중소기업들의 인증비용, 평가항목에 대한 부담을 완화할 수 있도록 인증항목, 수수료 등을 경량화한 ISMS 간편인증제도를 도입할 예정입니다. 적용 대상은 정보통신서비스 부문 매출액 300억원 미만의 중소기업과 매출액 300억원 이상의 중기업 중 회사 내 정보통신설비를 보유하지 않고 서비스를 제공하고 있는 기업(웹호스팅, 클라우드 서비스(SaaS, PaaS) 등)입니다. 또한, ISMS 의무대상을 현행 정보통신서비스 부문 매출액 100억원 이상에서 300억원 이상의 사업자로 상향해 의무대상 기준을 완화할 예정입니다. 또한, 인증심사 절차 전반을 전산시스템화해 소요기간을 5개월에서 2개월로 단축하는 한편, 인증 유효기간을 현행 3년에서 다른 인증제도(CSAP, CC인증 등)를 고려해 5년으로 조정할 예정입니다. 아울러 인증취득 기업들이 매년 받아야 하는 사후심사에 대해서도 3년간 침해사고가 발생하지 않은 기업에 대해서는 서면심사로 간소화할 계획입니다.Q. 중소기업의 ISMS 인증과 관련해 인증점검 경량화로 80개에서 40개로 줄어든 것으로 알고 있는데요. 주요 변경 내용은 무엇인가요?기업의 실질적인 정보보호 활동에 필요한 필수항목은 유지했고요. 중소기업의 인력과 가용자원 수준에서 불필요한 항목 등에 대해서는 완화 또는 삭제해 중소기업의 인증부담을 줄이고자 합니다. Q. 인증심사 절차를 전산시스템화 해 심사 소요 기간을 단축한다고 하셨는데, 구체적으로 시스템이 어떻게 운영돼 절차가 간소화되는지 궁금합니다.기존에 신청접수, 서류검토, 신청기업에 대한 보완 요청, 인증 평가 계약서 작성‧체결 등을 거치게 되는 인증심사 절차가 이메일, 전화, 수기 형태로 진행되어 심사기간에 불필요한 대기기간이 많이 포함돼 있었는데요. 해당 절차 등을 전산시스템 내에서 일괄 처리해 심사기간을 크게 단축할 수 있게 됩니다.Q. 침해사고 미발생 기업에는 사후심사를 서면심사로 전환한다고 하셨는데요. 고도화된 보안 위협에 제로데이 취약점 공격 등으로 사고가 발생한 줄 모르는 기업도 상당수 일 것 같습니다. 여기에 대해서는 어떻게 대비하고 있나요? 이와 관련 침해사고 미발생 기업의 자격 요건 또는 구체적인 기준이 궁금합니다. 기업의 정보보호 수준 저하 방지를 위해 서면평가 대상기업 중 일부에 대해 샘플링 현장점검을 실시하거나 서면평가 결과 미흡시 현장평가 등도 병행하고, 사후심사 미이행 기업에 대해서는 인증취소 등도 검토할 예정입니다. Q. ISMS 인증과 관련해 과기정통부에서 준비하고 있는 향후 계획은 무엇인가요? 과기정통부는 발표한 인증제도 개선방안을 이행하기 위해 ISMS 간편인증 도입 관련 하위법령 및 고시 개정 절차를 진행 중에 있습니다. 앞으로 의무대상 기준 완화, 유효기간 변경 등을 위한 법 개정 등을 추가적으로 진행할 예정이며, 중소기업이 적은 부담으로도 필요한 정보보호 체계를 구축 유지할 수 있도록 노력하겠습니다. 2. CSAP 인증Q. 현재 과기정통부에서 진행 중인 CSAP 인증의 개선사항에 대해 구체적인 설명 부탁드립니다. 행정기관, 공공기관의 정보자원 클라우드 전환‧통합 추진에 따라, CSAP 인증 수요가 급증했으나, 기존에는 인증‧평가인력의 부족 등으로 인증서 발급까지 평균 4~5개월이 소요되어 새로운 서비스가 공공부문에 적시 도입되지 못하는 어려움이 있었습니다. 또한, 2023년부터 인증 평가 수수료가 부과되면서 인증 취득 및 사후관리를 위한 비용이 발생해 이로 인한 사업자의 행정‧비용 부담이 과도하다는 불만이 존재했습니다. 이에 인증기관과 평가기관의 평가인력을 확충하고, 평가기관을 추가 지정해 증가하는 인증수요에 대응하려고 합니다. 또한, 인증 신청절차 등을 단축하고 보안인증위원회를 수시 개최로 변경하는 등 인증 신청부터 발급까지의 행정 소요기간을 2개월로 단축할 예정입니다. 이와 더불어 2024년 중견‧중소기업 수수료 지원 비율을 기존 30%~70%에서 50%~80%로 대폭 확대해 지원하는 한편, 2025년부터 SaaS 서비스에 한해 사후관리 방식을 현장평가에서 서면평가로 전면 전환함으로써 인증기업의 행정·비용 부담을 획기적으로 완화하고자 합니다. Q. 기존 CSAP 인증과 관련해 인증 및 평가기관의 심사인력을 추가 투입한다고 하셨는데요. 투입인력 규모 등 구체적인 내용에 대해 말씀해 주신다면?우선 인증기관은 내부적으로 보안인증평가원 자격을 충족하는 인력풀을 구성하고, 4월부터 5명을 추가 투입해 운영 중입니다. 평가기관의 경우, 현재 평가기관으로 지정된 정보통신진흥협회는 상반기 중 클라우드 보안인증 평가 인력 2명을 신규 채용해 6월부터 투입 예정입니다.Q. 사후평가는 평가방식을 개선한다고 하셨는데요. 현장에서 서면으로 바꿀 시, 요식행위에 그쳐 보안 수준이 저하될 것이라는 등 우려의 시각도 있는데요. 서면평가에 대한 리스크 관리는 어떻게 계획하고 있나요?서면평가 전환에 따른 리스크를 축소하고, 최소한의 보안수준을 확보하기 위해 서면평가 시 기업에서 제출한 서류가 미흡한 경우 증빙자료 추가 제출 요청 및 서류 보완 등을 통해 보안 인증기준 충족 여부를 확인할 예정입니다. 더불어 ‘샘플링 현장 점검(가칭)’을 도입해 침해사고 및 서비스 장애 발생 기업, 서면평가 결과가 미흡한 기업을 대상으로 현장 점검을 실시할 예정입니다. 점검 결과가 미흡할 시 해당 기업은 사후평가를 현장 평가로 전면 전환하고 허위자료 제출 등이 확인될 시에는 인증 취소 등을 추가로 검토할 예정입니다.  ▲과학기술정보통신부 사이버침해대응과 최광기 과장[사진=최광기 과장]Q. 샘플링 현장 점검 도입 후 미흡한 기업에 대해 매년 현장평가 실시 등 사후관리를 철저히 한다고 하셨는데요. 샘플링 현장 점검일 경우 좀더 엄격한 평가가 요구될 것 같은데요. 샘플링 현장 점검 시 서면·현장점검, 취약점 점검, 모의침투 테스트를 실시해 해당 서비스가 보안인증 기준에 적합하게 운영되고 있는지 확인할 예정입니다. 만약 현장점검 과정에서 보안인증 기준에 적합하지 않은 게 확인된 경우, ‘클라우드컴퓨팅 발전 및 이용자 보호에 관한 법률’ 제23조의3 및 ‘클라우드컴퓨팅서비스 보안인증에 관한 고시’ 제27조에 의거해 보안인증위원회의 심의‧의결을 거쳐 인증 취소도 검토할 예정입니다. Q. 신규 평가기관을 상반기 내 추가 지정할 계획이라고 하셨는데, 이에 대한 구체적인 내용이 궁금합니다. 현재 민간 평가기관 추가지정을 위한 계획을 수립 중이며, 5월 중 공고를 게시할 예정입니다. 이후 신청서를 접수한 기관을 대상으로 서류검토 및 현장심사, 종합심사 등을 거쳐 적합한 기관을 선정해 올해 상반기 중 추가 지정하는 것을 목표로 하고 있습니다. Q. CSAP 인증과 관련해 과기정통부의 향후 계획이 궁금합니다. CSAP 인증 소요기간 감축 및 수수료 부담 경감 등과 함께, 공공부문의 민간 클라우드 이용 활성화를 위해 상‧중등급 평가기준이 반영된 ‘클라우드컴퓨팅서비스 보안인증에 관한 고시’ 일부 개정을 앞두고 있습니다. 지난 2월 행정예고를 거쳐 이해관계자의 의견을 수렴했는데요. 이를 반영한 개정안에 대해 규제심사를 진행 중입니다. 고시 개정 절차가 마무리되면 클라우드 보안인증 상‧중등급제가 본격 시행되어 민간 클라우드 시장 확대에 기여할 것으로 기대합니다.[김경애 기자(boan3@boannews.com)]<저작권자: 보안뉴스(www.boannews.com) 무단전재-재배포금지>"
